aX,aY,aZ,gX,gY,gZ
0.779,-1.163,0.626,39.970,125.440,144.830
0.778,-1.091,0.625,35.840,118.790,149.310
0.672,-1.043,0.594,32.130,119.560,157.780
0.602,-0.973,0.526,30.590,116.830,162.890
0.487,-0.962,0.413,32.410,125.090,158.480
0.466,-0.930,0.483,28.070,117.810,166.110
0.387,-0.929,0.478,26.600,119.420,161.280
0.344,-0.912,0.457,25.130,114.730,162.680
0.347,-0.952,0.420,21.560,111.860,162.750
0.287,-0.992,0.429,13.720,111.440,149.240
0.262,-0.964,0.479,6.650,108.640,148.400
0.264,-0.916,0.502,-1.470,105.770,159.460
0.216,-0.830,0.491,-4.480,107.940,171.850
0.224,-0.834,0.559,-5.390,104.230,163.310
0.204,-0.776,0.564,-5.950,97.930,113.260
0.165,-0.614,0.503,-0.420,99.400,148.470
0.214,-0.654,0.489,2.870,97.230,160.930
0.142,-0.586,0.456,7.980,96.250,159.600
0.110,-0.557,0.444,13.650,92.820,158.200
0.123,-0.620,0.468,15.750,86.170,155.190
0.106,-0.623,0.458,17.710,83.370,151.130
0.091,-0.651,0.462,17.290,80.780,148.260
0.088,-0.682,0.472,16.940,79.380,145.810
0.089,-0.670,0.485,17.850,79.240,142.590
0.074,-0.690,0.474,17.990,78.610,139.580
0.069,-0.696,0.473,15.540,76.230,137.830
0.049,-0.717,0.453,13.930,73.640,136.290
0.038,-0.723,0.486,13.440,70.770,135.100
0.026,-0.764,0.504,12.950,68.950,133.420
0.023,-0.748,0.514,13.580,66.990,131.180
0.001,-0.773,0.524,14.980,66.360,128.450
-0.030,-0.746,0.498,16.380,66.780,126.490
-0.059,-0.719,0.494,16.520,66.570,124.390
-0.086,-0.744,0.525,18.970,66.080,121.030
-0.107,-0.710,0.558,23.310,67.200,118.790
-0.119,-0.738,0.594,25.690,67.480,115.920
-0.116,-0.789,0.595,28.700,69.090,113.050
-0.138,-0.790,0.600,31.850,71.470,109.270
-0.161,-0.741,0.563,35.420,73.780,105.770
-0.200,-0.708,0.562,40.530,75.390,103.040
-0.240,-0.762,0.610,43.120,77.980,100.940
-0.267,-0.729,0.550,45.710,80.080,98.350
-0.286,-0.745,0.575,43.960,82.740,89.530
-0.315,-0.874,0.541,37.730,90.860,77.070
-0.282,-0.724,0.504,35.210,87.500,94.710
-0.370,-0.778,0.522,31.570,89.950,91.980
-0.343,-0.835,0.516,25.270,89.950,82.670
-0.384,-0.759,0.481,20.580,88.130,79.870
-0.389,-0.756,0.451,13.020,87.150,68.530
-0.418,-0.746,0.447,8.120,84.840,69.370
-0.412,-0.745,0.474,2.730,86.310,66.780
-0.444,-0.752,0.462,-2.030,86.100,60.760
-0.440,-0.771,0.432,-6.510,89.810,53.970
-0.456,-0.714,0.392,-11.200,91.000,54.390
-0.483,-0.660,0.380,-14.700,71.680,65.870
-0.503,-0.658,0.399,-14.490,87.920,63.630
-0.507,-0.641,0.373,-13.790,86.800,68.180
-0.511,-0.569,0.354,-11.410,83.720,73.850
-0.544,-0.601,0.343,-10.430,82.040,70.700
-0.526,-0.557,0.343,-7.840,78.050,69.510
-0.569,-0.565,0.330,-4.270,78.470,43.960
-0.570,-0.525,0.322,-0.560,77.070,17.220
-0.601,-0.600,0.301,-2.030,82.110,-61.740
-0.671,-0.420,0.287,-1.470,81.060,-31.220
-0.504,-0.522,0.228,-4.620,66.850,15.120
-0.544,-0.472,0.175,-3.990,58.240,57.540
-0.597,-0.544,0.096,-9.170,52.360,66.360
-0.593,-0.604,-0.008,-18.200,45.640,66.850
-0.603,-0.566,-0.102,-34.230,39.340,65.310
-0.615,-0.537,-0.135,-48.300,32.970,62.160
-0.621,-0.539,-0.142,-60.340,25.130,59.360
-0.630,-0.524,-0.150,-73.220,15.680,49.910
-0.588,-0.498,-0.139,-83.230,9.870,40.530
-0.666,-0.524,-0.036,-93.100,0.630,41.020
-0.574,-0.430,-0.003,-94.290,-4.060,36.610
-0.591,-0.390,0.068,-91.140,-7.630,31.780
-0.594,-0.329,0.117,-80.850,-12.950,25.270
-0.592,-0.295,0.143,-69.230,-17.080,18.060
-0.587,-0.314,0.207,-57.820,-23.310,10.990
-0.585,-0.344,0.276,-48.370,-26.600,3.640
-0.579,-0.366,0.311,-40.880,-30.170,-4.760
-0.567,-0.373,0.340,-32.620,-34.300,-16.660
-0.566,-0.346,0.366,-25.130,-38.010,-24.430
-0.561,-0.297,0.358,-14.840,-41.860,-33.040
-0.546,-0.270,0.345,-3.850,-47.390,-42.560
-0.527,-0.274,0.348,7.280,-52.290,-52.570
-0.510,-0.289,0.345,17.710,-56.210,-62.580
-0.501,-0.304,0.339,28.070,-59.500,-75.740
-0.487,-0.350,0.318,33.880,-63.000,-85.190
-0.469,-0.369,0.317,38.710,-66.920,-94.220
-0.471,-0.407,0.290,41.650,-69.930,-102.830
-0.443,-0.428,0.275,43.190,-74.550,-110.740
-0.440,-0.433,0.256,44.240,-77.070,-117.460
-0.445,-0.441,0.270,44.940,-79.660,-123.970
-0.434,-0.478,0.280,48.300,-81.970,-130.550
-0.414,-0.506,0.293,50.750,-82.880,-135.100
-0.403,-0.554,0.317,50.610,-84.000,-138.880
-0.371,-0.608,0.325,51.450,-85.470,-141.610
-0.346,-0.625,0.342,52.640,-87.150,-145.180
-0.329,-0.646,0.341,53.270,-88.900,-148.120
-0.322,-0.683,0.345,50.050,-91.140,-151.760
-0.312,-0.715,0.329,47.740,-92.820,-153.930
-0.308,-0.728,0.327,45.920,-93.660,-154.560
-0.299,-0.698,0.346,42.490,-94.920,-154.210
-0.289,-0.796,0.468,36.960,-97.300,-154.490
-0.239,-0.843,0.490,34.860,-97.370,-153.230
-0.225,-0.788,0.499,32.970,-98.070,-152.810
-0.165,-0.900,0.538,30.030,-100.660,-151.900
-0.135,-0.970,0.566,26.600,-101.850,-150.850
-0.145,-0.966,0.547,23.030,-100.660,-149.940
-0.115,-0.979,0.516,18.760,-100.730,-148.540
-0.129,-0.984,0.505,15.260,-99.120,-145.740
-0.142,-0.965,0.520,11.340,-97.650,-142.800
-0.148,-0.925,0.556,6.090,-96.040,-139.090
-0.125,-0.900,0.595,2.030,-95.970,-133.490
-0.097,-0.859,0.575,2.030,-96.180,-129.290
-0.070,-0.814,0.557,3.640,-96.670,-127.190
-0.041,-0.871,0.588,2.520,-97.020,-125.160
0.011,-0.977,0.653,-0.560,-97.790,-123.620

1.018,-1.056,0.453,57.750,98.840,144.830
0.987,-1.079,0.477,54.180,105.210,149.380
0.967,-1.074,0.511,49.630,110.250,153.160
0.970,-1.075,0.538,46.130,113.610,157.710
0.914,-1.047,0.532,45.080,119.140,162.330
0.858,-1.052,0.503,42.000,126.630,165.830
0.859,-1.080,0.490,35.980,128.450,168.420
0.816,-1.037,0.470,31.010,127.890,170.730
0.735,-0.998,0.468,26.390,127.820,171.290
0.683,-1.010,0.500,21.000,128.030,171.640
0.658,-0.993,0.533,17.640,127.330,173.040
0.630,-0.955,0.583,16.590,126.420,174.090
0.601,-0.956,0.613,16.100,125.790,174.580
0.573,-0.960,0.620,15.610,127.890,175.910
0.539,-0.940,0.618,14.490,129.360,176.750
0.513,-0.936,0.614,12.880,128.380,169.960
0.474,-0.934,0.635,11.830,124.600,171.220
0.484,-0.895,0.629,13.720,122.010,173.390
0.449,-0.873,0.647,15.400,122.850,173.250
0.429,-0.876,0.647,17.920,123.760,172.760
0.391,-0.860,0.614,20.160,126.560,174.020
0.379,-0.841,0.592,21.630,126.140,177.660
0.397,-0.883,0.587,21.980,126.560,177.590
0.388,-0.948,0.574,16.870,130.200,173.040
0.400,-0.994,0.508,8.820,129.780,177.310
0.420,-0.987,0.494,1.680,126.000,181.230
0.379,-0.981,0.483,-3.290,122.850,184.100
0.324,-0.964,0.471,-6.090,122.640,186.130
0.270,-0.757,0.458,-3.080,121.870,187.390
0.238,-0.818,0.483,1.260,120.610,187.530
0.219,-0.808,0.519,6.230,119.490,187.950
0.183,-0.730,0.509,10.990,121.100,187.110
0.137,-0.717,0.536,17.290,122.010,183.190
0.140,-0.762,0.562,23.100,121.730,178.150
0.119,-0.686,0.525,28.140,122.710,176.960
0.110,-0.688,0.497,32.200,121.030,173.740
0.091,-0.713,0.482,33.460,119.490,169.610
0.071,-0.688,0.461,32.900,118.300,163.240
0.066,-0.686,0.442,31.850,116.200,156.310
0.076,-0.741,0.474,31.360,113.890,149.660
0.072,-0.692,0.439,31.290,113.470,144.970
0.055,-0.636,0.461,32.760,111.790,137.830
0.015,-0.636,0.468,33.040,113.190,132.930
-0.035,-0.551,0.518,33.880,115.010,128.590
-0.032,-0.574,0.515,37.240,113.540,126.000
-0.037,-0.683,0.371,39.270,120.820,119.420
-0.111,-0.665,0.483,37.870,115.290,115.710
-0.047,-0.719,0.527,31.570,106.120,104.510
-0.102,-0.697,0.538,31.150,101.080,91.280
-0.114,-0.711,0.534,31.710,103.880,96.670
-0.108,-0.714,0.513,31.430,105.980,94.010
-0.182,-0.707,0.485,28.280,105.420,79.240
-0.221,-0.708,0.491,26.250,103.530,65.240
-0.255,-0.618,0.477,27.440,101.640,66.150
-0.294,-0.612,0.452,26.670,100.030,67.550
-0.325,-0.630,0.433,28.770,96.950,47.320
-0.354,-0.552,0.367,29.470,92.680,45.850
-0.378,-0.547,0.356,30.100,88.550,42.910
-0.408,-0.678,0.369,26.180,87.360,31.430
-0.398,-0.611,0.327,23.030,82.880,29.750
-0.420,-0.602,0.339,16.100,77.840,39.900
-0.469,-0.626,0.349,10.080,77.910,44.800
-0.499,-0.557,0.328,-1.750,74.760,70.980
-0.512,-0.545,0.318,-7.420,70.700,71.470
-0.534,-0.587,0.304,-12.740,66.360,65.800
-0.516,-0.669,0.167,-17.640,76.370,51.520
-0.610,-0.404,0.208,-18.970,59.290,68.460
-0.640,-0.511,0.150,-22.890,57.400,64.190
-0.623,-0.470,0.130,-25.060,50.260,60.830
-0.650,-0.417,0.047,-24.010,41.230,52.430
-0.643,-0.414,-0.041,-25.200,38.850,1.190
-0.676,-0.316,-0.008,-30.730,23.940,39.060
-0.625,-0.403,-0.087,-45.500,16.870,37.730
-0.668,-0.396,-0.082,-54.250,11.060,30.450
-0.622,-0.492,-0.056,-53.900,7.070,-7.700
-0.601,-0.263,0.013,-56.420,-2.940,-0.210
-0.689,-0.255,0.068,-65.940,-7.420,15.750
-0.691,-0.279,0.152,-60.060,-10.710,10.360
-0.686,-0.243,0.217,-50.400,-11.620,7.980
-0.719,-0.240,0.330,-37.170,-10.290,2.590
-0.689,-0.226,0.398,-20.930,-11.550,-3.150
-0.670,-0.266,0.433,-3.850,-12.110,-7.420
-0.655,-0.324,0.456,10.360,-10.990,-11.060
-0.654,-0.392,0.474,25.060,-10.570,-13.580
-0.645,-0.447,0.495,33.600,-11.060,-16.450
-0.634,-0.503,0.497,40.040,-11.830,-19.390
-0.639,-0.530,0.488,44.800,-13.160,-22.190
-0.642,-0.546,0.482,48.090,-14.770,-24.150
-0.644,-0.575,0.458,50.820,-16.240,-26.460
-0.651,-0.577,0.434,51.940,-17.920,-28.280
-0.655,-0.567,0.404,52.360,-19.320,-31.640
-0.662,-0.551,0.381,51.940,-20.790,-33.740
-0.663,-0.532,0.354,51.100,-23.100,-36.680
-0.655,-0.509,0.334,50.540,-25.550,-40.390
-0.641,-0.512,0.319,48.930,-29.190,-44.800
-0.625,-0.515,0.296,46.130,-32.200,-49.000
-0.607,-0.497,0.291,42.770,-35.280,-54.180
-0.590,-0.492,0.282,37.940,-38.290,-62.300
-0.575,-0.515,0.300,34.370,-42.420,-68.460
-0.546,-0.513,0.293,30.380,-46.130,-74.340
-0.544,-0.506,0.285,25.060,-50.960,-79.310
-0.521,-0.509,0.272,20.230,-55.930,-83.370
-0.524,-0.492,0.263,17.570,-59.500,-88.130
-0.517,-0.477,0.261,16.590,-63.350,-91.560
-0.491,-0.447,0.277,18.270,-69.370,-90.580
-0.452,-0.520,0.283,20.020,-71.820,-97.650
-0.436,-0.493,0.287,21.280,-75.180,-95.970
-0.419,-0.499,0.327,20.860,-79.380,-101.290
-0.360,-0.624,0.389,19.460,-82.250,-108.150
-0.329,-0.619,0.412,17.710,-84.630,-108.710
-0.338,-0.561,0.442,10.500,-89.600,-90.580
-0.284,-0.765,0.445,8.890,-89.320,-113.890
-0.297,-0.670,0.471,7.700,-92.190,-119.630
-0.302,-0.657,0.468,6.720,-93.730,-119.350
-0.301,-0.663,0.485,7.840,-95.550,-117.320
-0.260,-0.612,0.551,9.100,-100.660,-101.150
-0.263,-0.774,0.544,8.890,-96.250,-119.560
-0.230,-0.646,0.537,8.400,-99.330,-119.560
-0.210,-0.713,0.593,9.100,-100.940,-119.770

1.271,-0.953,0.305,80.780,87.640,188.020
1.240,-0.978,0.338,75.250,100.730,199.430
1.256,-0.976,0.350,69.090,112.630,211.330
1.292,-0.956,0.345,66.080,122.640,220.850
1.268,-0.978,0.376,62.860,133.210,229.460
1.245,-1.065,0.412,56.280,138.600,236.810
1.259,-1.122,0.435,45.850,146.160,242.340
1.277,-1.156,0.506,32.620,146.650,247.380
1.340,-1.143,0.554,16.170,145.600,250.110
1.303,-1.092,0.468,7.000,145.040,251.860
1.167,-1.124,0.407,-2.730,150.640,254.730
1.180,-1.159,0.366,-15.470,151.900,256.480
1.172,-1.154,0.402,-24.500,149.660,259.630
1.150,-1.137,0.453,-28.210,149.940,261.940
1.106,-1.070,0.469,-27.930,148.820,263.900
1.039,-0.970,0.447,-23.310,151.340,262.640
0.956,-0.938,0.506,-14.280,153.440,261.590
0.940,-0.969,0.513,-9.590,157.570,260.820
0.888,-0.980,0.506,-6.020,160.370,259.560
0.885,-1.000,0.509,-5.880,164.010,256.060
0.856,-1.010,0.527,-8.820,144.550,251.720
0.830,-0.967,0.377,-12.390,158.480,252.140
0.777,-0.942,0.469,-16.800,159.390,251.790
0.747,-0.915,0.440,-20.510,161.070,251.510
0.709,-0.880,0.444,-23.590,162.120,251.720
0.686,-0.852,0.450,-26.320,161.910,251.720
0.664,-0.823,0.441,-27.650,160.860,251.160
0.637,-0.799,0.419,-27.300,158.270,250.250
0.607,-0.750,0.409,-22.260,153.020,247.940
0.573,-0.683,0.393,-16.100,150.080,242.760
0.498,-0.599,0.355,-10.500,150.710,238.210
0.452,-0.568,0.360,-3.430,147.210,233.940
0.417,-0.551,0.341,0.070,146.090,228.410
0.375,-0.535,0.350,3.150,145.040,222.040
0.353,-0.549,0.351,6.090,140.630,215.880
0.330,-0.563,0.382,7.140,134.750,210.000
0.322,-0.588,0.375,3.710,131.180,203.140
0.285,-0.598,0.347,0.840,125.650,196.840
0.234,-0.601,0.338,-1.680,122.290,189.350
0.194,-0.551,0.275,-5.180,121.520,184.660
0.091,-0.518,0.276,0.280,113.680,174.160
0.121,-0.520,0.221,1.540,120.050,173.950
0.061,-0.629,0.355,8.890,114.240,168.420
0.101,-0.752,0.391,-5.810,124.110,156.240
0.053,-0.760,0.444,-3.220,106.820,143.080
0.030,-0.713,0.393,5.110,92.120,142.800
-0.066,-0.621,0.299,11.690,95.970,147.070
-0.154,-0.614,0.295,14.490,96.460,144.060
-0.169,-0.663,0.289,14.700,101.290,134.540
-0.169,-0.738,0.333,7.560,109.620,117.110
-0.234,-0.733,0.346,9.170,112.630,109.410
-0.209,-0.628,0.366,14.560,104.440,109.900
-0.268,-0.662,0.297,16.940,102.620,102.410
-0.306,-0.673,0.277,18.760,101.290,92.400
-0.333,-0.668,0.228,9.800,104.370,83.930
-0.387,-0.625,0.204,0.770,102.060,88.900
-0.420,-0.558,0.145,-5.950,98.840,95.340
-0.419,-0.530,0.131,-12.110,94.430,99.750
-0.438,-0.545,0.104,-15.400,91.070,96.250
-0.477,-0.475,0.098,-24.920,87.010,94.850
-0.493,-0.455,0.081,-27.160,81.760,80.780
-0.483,-0.371,0.078,-16.170,69.580,55.160
-0.471,-0.295,0.036,-13.300,58.520,39.620
-0.511,-0.335,0.000,-38.850,57.470,13.510
-0.804,-0.921,-0.052,-66.710,46.200,-15.190
-0.255,0.071,-0.086,-21.840,39.760,24.570
-0.581,-0.418,-0.059,-12.880,30.310,17.010
-0.508,-0.407,-0.075,-18.900,21.770,5.460
-0.508,-0.445,-0.076,-24.570,16.100,5.250
-0.585,-0.510,-0.068,-24.640,15.750,2.520
-0.570,-0.491,-0.039,-23.520,14.490,-13.930
-0.776,-0.849,-0.044,-54.530,28.840,-77.910
-0.456,-0.142,0.019,-19.810,13.370,-22.960
-0.578,-0.534,-0.005,-3.290,9.240,-29.820
-0.575,-0.552,0.003,4.480,3.990,-19.460
-0.588,-0.636,-0.008,1.680,4.340,-9.590
-0.634,-0.678,0.016,-4.970,5.460,-3.430
-0.639,-0.716,0.051,-13.720,5.670,-0.210
-0.641,-0.739,0.068,-20.090,3.850,-0.070
-0.634,-0.755,0.109,-22.540,-1.750,-2.590
-0.630,-0.774,0.127,-24.500,-8.050,-5.950
-0.648,-0.731,0.144,-23.520,-12.110,-8.050
-0.665,-0.723,0.155,-20.790,-15.190,-7.700
-0.677,-0.712,0.153,-16.520,-17.570,-7.700
-0.672,-0.703,0.147,-8.890,-19.950,-10.080
-0.665,-0.698,0.140,-0.280,-24.080,-12.460
-0.656,-0.699,0.117,6.930,-26.600,-15.680
-0.657,-0.707,0.099,11.480,-29.330,-17.920
-0.650,-0.695,0.074,11.760,-32.130,-20.160
-0.647,-0.653,0.041,13.160,-36.330,-23.730
-0.629,-0.608,0.020,14.980,-40.880,-27.580
-0.623,-0.550,-0.011,17.220,-45.220,-31.920
-0.607,-0.496,-0.025,20.300,-49.980,-38.430
-0.581,-0.479,-0.023,24.710,-55.930,-49.000
-0.540,-0.484,-0.009,25.550,-62.020,-56.630
-0.519,-0.482,-0.011,24.150,-67.620,-64.610
-0.477,-0.484,0.021,22.890,-76.090,-72.590
-0.453,-0.487,0.033,20.790,-81.340,-78.960
-0.437,-0.508,0.045,18.970,-86.310,-86.030
-0.413,-0.499,0.065,15.120,-92.330,-95.270
-0.405,-0.470,0.071,15.610,-97.650,-101.360
-0.408,-0.431,0.073,17.500,-101.290,-107.310
-0.399,-0.415,0.062,20.930,-105.140,-113.260
-0.363,-0.406,0.086,24.990,-109.270,-118.790
-0.329,-0.400,0.098,28.070,-115.290,-125.230
-0.317,-0.392,0.109,30.590,-116.270,-134.260
-0.289,-0.378,0.120,34.160,-120.820,-138.600
-0.230,-0.451,0.147,36.120,-122.080,-151.690
-0.177,-0.481,0.218,39.480,-127.260,-156.520
-0.075,-0.671,0.305,30.380,-130.270,-163.450
-0.069,-0.674,0.481,27.230,-135.380,-161.700
-0.002,-0.825,0.411,14.140,-138.880,-170.940
-0.004,-0.758,0.365,10.080,-141.400,-174.580
-0.059,-0.552,0.275,15.890,-137.690,-173.040
-0.085,-0.523,0.201,26.600,-136.780,-171.990
-0.012,-0.636,0.182,34.580,-138.740,-172.620
0.071,-0.736,0.177,32.900,-139.230,-181.930
0.106,-0.709,0.192,27.440,-139.580,-180.950
0.171,-0.767,0.297,24.430,-143.080,-168.000

1.077,-0.957,0.386,38.850,99.890,195.650
1.061,-0.977,0.394,29.610,102.480,197.820
1.036,-0.977,0.365,20.930,104.580,200.690
0.993,-0.945,0.304,13.370,106.330,202.790
0.955,-0.899,0.261,7.000,107.030,206.010
0.926,-0.891,0.260,3.920,106.470,206.080
0.896,-0.889,0.288,0.980,106.960,205.940
0.864,-0.883,0.325,-0.700,106.890,205.450
0.837,-0.864,0.352,0.770,105.000,206.220
0.799,-0.845,0.342,2.240,105.910,206.150
0.745,-0.814,0.316,4.900,105.560,204.120
0.732,-0.795,0.274,8.820,105.560,203.210
0.714,-0.813,0.263,11.760,104.370,203.770
0.690,-0.818,0.282,11.480,105.000,203.420
0.651,-0.830,0.327,9.940,106.750,200.340
0.645,-0.846,0.340,5.320,107.520,197.120
0.634,-0.828,0.338,3.990,106.890,197.050
0.597,-0.812,0.332,3.780,108.150,196.980
0.564,-0.813,0.336,3.220,109.550,195.930
0.549,-0.814,0.341,3.640,110.320,194.670
0.525,-0.820,0.354,3.710,109.760,194.670
0.513,-0.841,0.377,5.250,106.820,194.250
0.490,-0.848,0.368,2.170,104.930,192.150
0.470,-0.818,0.361,0.350,101.850,187.320
0.427,-0.792,0.346,-2.870,102.480,181.510
0.381,-0.769,0.361,-3.010,102.410,177.660
0.355,-0.772,0.382,-1.820,100.310,175.140
0.340,-0.786,0.382,-3.080,98.840,172.900
0.316,-0.783,0.369,-2.940,97.160,168.490
0.299,-0.780,0.382,-3.430,93.380,163.100
0.254,-0.762,0.360,-2.870,89.600,158.550
0.223,-0.730,0.333,-5.530,86.520,154.700
0.211,-0.756,0.372,-4.900,81.550,149.030
0.179,-0.745,0.358,-8.260,80.290,144.690
0.134,-0.697,0.311,-8.610,79.520,142.590
0.101,-0.673,0.296,-6.790,78.050,135.660
0.095,-0.675,0.323,-5.600,75.600,131.180
0.057,-0.633,0.320,0.210,73.640,125.930
0.041,-0.646,0.328,6.510,73.360,116.620
0.032,-0.691,0.352,4.970,74.900,111.440
0.006,-0.703,0.378,6.790,74.410,100.030
-0.027,-0.742,0.377,3.360,78.050,85.750
-0.047,-0.792,0.402,2.030,77.980,82.740
-0.005,-0.791,0.443,-0.630,77.840,90.230
-0.048,-0.884,0.469,-4.410,77.700,86.870
-0.077,-0.887,0.504,-5.390,78.190,75.810
-0.034,-0.924,0.500,-8.400,80.850,85.750
-0.068,-0.930,0.452,-7.910,84.700,96.390
-0.184,-0.945,0.505,-13.440,85.960,86.870
-0.157,-0.901,0.506,-3.850,78.260,87.570
-0.200,-0.886,0.487,2.870,75.250,91.280
-0.234,-0.877,0.464,4.550,79.590,98.210
-0.271,-0.871,0.469,7.140,84.140,101.500
-0.299,-0.907,0.480,3.220,91.980,95.760
-0.318,-0.909,0.473,0.280,96.040,90.930
-0.315,-0.846,0.458,-3.080,96.880,84.770
-0.356,-0.922,0.395,-8.470,94.710,71.540
-0.300,-0.808,0.355,-13.230,88.830,87.780
-0.286,-0.752,0.283,-21.910,83.720,94.500
-0.359,-0.778,0.225,-29.610,81.970,88.690
-0.366,-0.742,0.209,-34.370,76.300,83.720
-0.381,-0.681,0.173,-36.400,72.590,74.830
-0.417,-0.626,0.166,-33.950,69.020,71.750
-0.420,-0.615,0.158,-32.270,67.060,71.540
-0.437,-0.568,0.158,-27.370,64.820,73.850
-0.452,-0.604,0.153,-23.520,63.280,69.020
-0.459,-0.586,0.152,-20.580,60.410,68.250
-0.437,-0.617,0.164,-18.900,56.560,66.430
-0.453,-0.630,0.152,-15.190,54.600,67.410
-0.479,-0.659,0.137,-12.460,53.130,62.930
-0.498,-0.645,0.137,-6.160,48.650,53.690
-0.532,-0.669,0.113,-1.750,44.940,33.600
-0.527,-0.691,0.081,2.240,41.090,30.450
-0.513,-0.656,0.052,-4.550,41.300,17.290
-0.557,-0.532,0.060,7.140,33.460,30.030
-0.486,-0.634,0.056,8.050,26.740,27.650
-0.538,-0.687,0.047,9.520,19.460,25.480
-0.552,-0.610,0.021,15.750,17.010,29.890
-0.594,-0.647,0.033,14.140,14.980,23.240
-0.589,-0.634,0.027,11.270,8.470,15.750
-0.590,-0.662,0.001,3.010,4.340,3.220
-0.588,-0.564,-0.001,6.440,-1.050,5.810
-0.635,-0.549,-0.039,0.140,1.610,7.910
-0.648,-0.512,-0.044,-0.280,0.700,6.020
-0.650,-0.474,-0.067,0.840,-1.260,5.950
-0.659,-0.525,-0.057,-2.800,0.770,6.930
-0.658,-0.542,-0.002,-3.920,-0.350,3.920
-0.621,-0.589,0.068,-3.920,-3.850,1.120
-0.613,-0.675,0.119,-7.700,-3.780,0.070
-0.610,-0.723,0.169,-14.000,-3.570,-0.420
-0.615,-0.767,0.208,-18.200,-3.710,-0.140
-0.625,-0.798,0.237,-20.650,-4.060,-0.280
-0.604,-0.852,0.264,-20.860,-6.370,-1.190
-0.617,-0.861,0.276,-19.180,-7.490,-1.820
-0.621,-0.855,0.274,-15.470,-8.470,-2.240
-0.624,-0.831,0.280,-12.670,-8.470,-2.100
-0.649,-0.788,0.266,-8.680,-6.790,-1.820
-0.668,-0.754,0.251,-3.990,-3.290,-1.750
-0.659,-0.754,0.251,-0.070,-1.890,-2.590
-0.653,-0.767,0.237,1.750,-0.490,-2.940
-0.655,-0.774,0.215,2.450,0.910,-2.520
-0.640,-0.813,0.208,-0.700,1.890,-1.890
-0.626,-0.825,0.208,-5.110,2.660,-1.400
-0.631,-0.817,0.193,-7.280,2.730,-2.100
-0.598,-0.853,0.202,-8.120,0.280,-3.290
-0.607,-0.869,0.203,-8.820,-0.560,-3.500
-0.610,-0.853,0.195,-8.330,-0.560,-2.870
-0.609,-0.844,0.193,-6.720,-0.840,-2.310
-0.599,-0.849,0.197,-6.230,-1.400,-1.400
-0.609,-0.826,0.183,-4.970,-1.400,-0.280
-0.618,-0.809,0.168,-3.500,-1.750,-0.070
-0.601,-0.815,0.172,-2.170,-3.430,-0.910
-0.612,-0.800,0.171,-1.960,-4.200,-0.910
-0.618,-0.774,0.168,-2.520,-3.990,-0.280
-0.622,-0.761,0.168,-2.940,-3.850,-0.490
-0.613,-0.760,0.167,-3.430,-4.550,-1.680
-0.600,-0.786,0.171,-4.550,-5.670,-2.940
-0.606,-0.781,0.173,-6.370,-6.300,-2.870
-0.597,-0.797,0.183,-8.540,-6.930,-2.660

1.116,-0.973,0.434,57.120,68.530,156.450
1.106,-0.971,0.447,55.370,75.110,165.340
1.092,-0.986,0.444,52.570,83.930,176.470
1.070,-1.011,0.439,45.220,94.290,183.050
1.070,-1.055,0.450,36.190,101.710,188.930
1.076,-1.077,0.451,24.080,105.910,192.850
1.066,-1.063,0.423,12.250,108.990,194.530
1.037,-1.054,0.406,1.400,110.670,197.750
1.007,-1.037,0.410,-7.770,112.070,198.590
0.989,-0.987,0.428,-12.880,112.630,200.130
0.958,-0.958,0.440,-13.790,113.680,198.450
0.938,-0.886,0.442,-12.670,115.290,203.140
0.898,-0.908,0.458,-9.450,120.610,202.370
0.854,-0.890,0.463,-7.840,125.860,202.440
0.839,-0.933,0.478,-8.540,127.750,199.010
0.849,-0.926,0.480,-12.460,128.100,204.890
0.830,-0.940,0.476,-18.620,127.680,203.490
0.796,-0.956,0.478,-25.270,126.490,191.590
0.791,-0.883,0.478,-30.380,126.210,196.910
0.765,-0.854,0.475,-31.150,125.230,203.840
0.731,-0.834,0.481,-29.820,125.300,205.730
0.681,-0.823,0.475,-26.110,127.750,205.450
0.675,-0.863,0.512,-23.870,130.690,200.410
0.679,-0.857,0.532,-22.400,131.320,204.260
0.666,-0.857,0.519,-19.950,129.710,205.870
0.640,-0.875,0.500,-20.440,129.080,205.940
0.606,-0.851,0.479,-22.260,128.660,206.150
0.575,-0.783,0.457,-20.580,128.730,204.820
0.537,-0.786,0.455,-17.430,128.800,202.790
0.498,-0.790,0.478,-14.630,129.500,201.460
0.468,-0.785,0.511,-10.290,130.620,199.150
0.422,-0.799,0.529,-6.860,132.440,197.120
0.391,-0.825,0.526,-6.230,134.750,192.080
0.361,-0.808,0.516,-6.020,133.980,191.030
0.324,-0.802,0.494,-8.330,134.890,183.610
0.267,-0.819,0.475,-10.500,134.190,169.330
0.238,-0.879,0.452,-12.880,133.000,155.960
0.272,-0.840,0.427,-20.580,129.220,162.470
0.248,-0.826,0.404,-25.130,125.090,168.210
0.204,-0.813,0.409,-28.140,120.540,167.860
0.164,-0.794,0.381,-29.750,118.230,168.140
0.143,-0.736,0.372,-28.210,116.270,168.140
0.115,-0.730,0.364,-25.690,114.940,165.270
0.066,-0.728,0.359,-22.050,116.060,155.260
0.052,-0.676,0.293,-33.880,119.770,155.190
-0.008,-0.646,0.310,-8.330,115.850,159.600
-0.048,-0.698,0.300,-5.530,123.130,135.310
-0.123,-0.754,0.326,13.370,114.310,101.780
-0.103,-0.559,0.284,21.420,107.030,118.650
-0.087,-0.579,0.261,22.820,102.900,139.160
-0.161,-0.639,0.238,19.460,101.500,135.380
-0.182,-0.681,0.222,9.940,105.350,118.160
-0.244,-0.725,0.223,6.580,109.130,75.460
-0.289,-0.746,0.209,2.870,110.040,47.180
-0.213,-0.402,0.231,2.240,95.620,98.700
-0.224,-0.565,0.177,-6.790,94.430,93.030
-0.319,-0.553,0.177,-11.620,91.560,70.070
-0.305,-0.498,0.161,-11.690,87.710,62.230
-0.284,-0.544,0.149,-11.270,85.890,56.770
-0.371,-0.535,0.163,-12.600,79.310,46.270
-0.370,-0.541,0.142,-12.390,77.980,43.820
-0.399,-0.590,0.131,-21.140,83.650,37.590
-0.428,-0.554,0.170,-16.030,77.700,45.850
-0.431,-0.616,0.132,-14.210,77.000,42.210
-0.465,-0.648,0.122,-15.330,71.820,42.560
-0.414,-0.514,0.102,-0.630,65.940,54.810
-0.473,-0.687,0.068,-4.760,66.570,37.170
-0.500,-0.699,0.061,-4.060,59.080,39.690
-0.466,-0.657,0.039,-2.660,50.470,33.250
-0.497,-0.682,0.005,-4.620,44.590,33.460
-0.535,-0.632,-0.011,-0.770,38.430,33.460
-0.538,-0.634,-0.017,1.890,31.640,26.460
-0.559,-0.599,-0.001,6.020,26.320,20.860
-0.554,-0.648,0.012,7.140,22.330,13.370
-0.590,-0.610,0.026,7.980,17.430,12.320
-0.565,-0.592,0.028,20.510,13.510,9.380
-0.597,-0.606,0.038,21.000,10.780,9.030
-0.586,-0.639,0.031,26.040,7.910,3.080
-0.593,-0.642,0.042,26.810,5.390,1.050
-0.597,-0.691,0.048,20.720,3.710,-1.540
-0.597,-0.690,0.064,18.970,-0.350,-6.440
-0.576,-0.724,0.064,10.710,-2.730,-8.610
-0.594,-0.740,0.058,5.600,-7.140,-4.970
-0.603,-0.724,0.057,-0.560,-7.350,-1.260
-0.606,-0.718,0.056,-8.260,-7.070,1.050
-0.609,-0.737,0.067,-14.420,-5.600,1.750
-0.639,-0.726,0.081,-17.010,-4.760,-0.280
-0.622,-0.737,0.106,-16.730,-5.950,-2.450
-0.632,-0.736,0.121,-15.610,-6.090,-3.710
-0.637,-0.749,0.143,-14.000,-6.230,-3.780
-0.634,-0.777,0.158,-11.550,-6.300,-3.430
-0.630,-0.785,0.175,-8.260,-7.420,-3.080
-0.630,-0.796,0.190,-4.760,-8.330,-3.360
-0.619,-0.823,0.202,-0.560,-9.590,-3.430
-0.628,-0.830,0.217,1.890,-10.010,-2.800
-0.625,-0.838,0.229,3.570,-10.290,-2.030
-0.617,-0.843,0.242,3.430,-10.850,-1.050
-0.608,-0.855,0.260,2.730,-11.340,-0.420
-0.615,-0.848,0.264,1.260,-11.060,0.630
-0.623,-0.833,0.261,0.280,-10.360,1.400
-0.629,-0.818,0.258,-0.840,-8.960,2.520
-0.638,-0.786,0.247,-1.960,-7.000,3.360
-0.635,-0.775,0.237,-1.610,-5.180,3.920
-0.631,-0.772,0.231,-1.400,-3.850,4.130
-0.625,-0.766,0.223,-1.750,-2.310,4.410
-0.624,-0.771,0.224,-2.310,-1.820,4.480
-0.617,-0.770,0.225,-2.730,-1.890,4.270
-0.613,-0.776,0.222,-3.220,-2.520,3.640
-0.607,-0.780,0.223,-3.710,-3.570,2.240
-0.601,-0.778,0.223,-4.410,-4.760,0.910
-0.605,-0.768,0.213,-4.480,-5.320,-0.420
-0.602,-0.774,0.201,-4.340,-6.370,-2.380
-0.593,-0.781,0.197,-4.270,-7.280,-3.570
-0.605,-0.776,0.190,-4.130,-7.140,-3.920
-0.601,-0.768,0.186,-3.710,-7.210,-3.780
-0.598,-0.767,0.189,-3.780,-7.140,-3.500
-0.604,-0.761,0.187,-3.080,-6.860,-3.430
-0.604,-0.765,0.188,-2.100,-6.510,-3.290
-0.595,-0.771,0.186,-1.330,-6.790,-3.430

1.034,-1.143,0.354,62.930,33.950,151.270
1.051,-1.168,0.377,65.380,39.900,161.700
1.061,-1.211,0.390,67.130,43.890,171.290
1.064,-1.240,0.395,67.620,49.000,174.440
1.058,-1.235,0.394,66.570,54.600,189.210
1.065,-1.229,0.388,65.590,64.540,190.120
1.067,-1.228,0.395,61.530,70.840,197.400
1.057,-1.208,0.419,59.080,74.900,205.520
1.019,-1.185,0.404,54.600,78.820,212.940
0.962,-1.191,0.385,47.600,84.350,215.040
0.936,-1.202,0.390,39.270,86.030,215.600
0.913,-1.184,0.377,29.680,89.810,218.120
0.852,-1.181,0.360,20.160,92.610,214.340
0.827,-1.126,0.370,9.800,93.730,213.150
0.798,-1.063,0.347,0.280,91.070,221.900
0.743,-0.999,0.332,-5.460,89.040,225.330
0.693,-0.957,0.348,-7.770,89.250,224.770
0.644,-0.946,0.358,-10.290,93.870,219.030
0.588,-0.896,0.371,-8.750,95.130,215.740
0.543,-0.839,0.369,-3.430,96.950,200.830
0.529,-0.827,0.353,-1.050,101.990,210.420
0.545,-0.850,0.343,-3.710,100.800,222.600
0.485,-0.847,0.328,-6.230,105.560,221.900
0.478,-0.874,0.359,-5.180,106.680,219.100
0.483,-0.911,0.358,-8.820,104.720,215.460
0.444,-0.906,0.359,-8.330,101.780,213.780
0.425,-0.941,0.358,-8.540,104.510,192.220
0.370,-1.042,0.371,-7.210,109.550,157.150
0.391,-0.868,0.386,-6.510,110.110,162.400
0.361,-0.812,0.371,-9.520,102.830,196.070
0.314,-0.843,0.387,-14.280,105.630,207.970
0.259,-0.813,0.404,-12.670,105.000,206.290
0.250,-0.816,0.407,-1.610,99.680,190.050
0.194,-0.796,0.328,-3.640,101.990,187.320
0.150,-0.735,0.292,-9.450,102.900,191.100
0.128,-0.661,0.258,-11.270,99.540,196.070
0.098,-0.699,0.268,-9.940,94.710,170.940
0.088,-0.725,0.275,-8.400,89.250,154.140
0.118,-0.575,0.281,-20.160,85.960,169.960
0.071,-0.683,0.284,-20.300,80.430,164.360
0.057,-0.635,0.272,-27.790,88.340,159.670
-0.050,-0.602,0.246,-31.850,92.400,165.970
-0.035,-0.620,0.295,-31.500,86.730,166.600
-0.075,-0.621,0.208,-29.120,102.130,157.990
-0.155,-0.567,0.290,-13.720,94.150,147.700
-0.116,-0.582,0.316,6.650,73.920,139.020
-0.165,-0.622,0.249,10.290,76.930,134.470
-0.210,-0.583,0.217,12.600,85.680,135.940
-0.241,-0.624,0.219,14.770,84.840,119.700
-0.248,-0.722,0.206,13.440,82.600,99.120
-0.194,-0.744,0.203,5.880,78.540,82.460
-0.232,-0.680,0.209,0.840,73.990,73.290
-0.225,-0.936,0.204,-38.290,79.310,0.630
-0.299,-0.256,0.263,-14.630,65.870,86.590
-0.213,-0.660,0.172,-3.500,56.700,80.500
-0.356,-0.757,0.175,-9.590,57.610,75.880
-0.355,-0.634,0.180,-5.880,58.870,77.350
-0.437,-0.608,0.173,-1.750,60.830,79.800
-0.439,-0.601,0.180,2.450,64.260,72.240
-0.437,-0.671,0.183,-0.070,65.660,61.180
-0.494,-0.533,0.193,16.240,56.840,52.290
-0.434,-0.727,0.161,-5.040,57.960,17.780
-0.520,-0.389,0.157,3.920,55.230,20.090
-0.685,-0.553,-0.001,21.980,53.550,34.160
-0.461,-0.507,0.011,21.350,35.140,28.070
-0.524,-0.550,-0.018,14.280,25.690,20.160
-0.527,-0.566,-0.062,3.990,17.360,20.300
-0.545,-0.462,-0.057,20.650,-3.780,12.530
-0.529,-0.450,-0.103,19.390,-18.760,4.130
-0.563,-0.463,-0.100,25.410,-30.170,0.490
-0.568,-0.491,-0.109,24.360,-19.880,-0.210
-0.626,-0.508,-0.066,23.870,-18.620,-7.420
-0.581,-0.445,-0.051,27.860,-17.640,-20.510
-0.600,-0.508,-0.042,22.120,-11.200,-25.340
-0.648,-0.518,-0.034,17.920,-3.290,-17.430
-0.635,-0.551,-0.006,9.870,10.080,-7.630
-0.664,-0.616,0.012,-3.150,19.880,-0.980
-0.621,-0.640,0.039,-12.600,22.680,0.280
-0.603,-0.662,0.060,-18.340,21.770,-0.770
-0.589,-0.712,0.075,-21.210,19.390,-2.380
-0.572,-0.783,0.090,-29.680,17.220,-0.560
-0.567,-0.828,0.105,-37.940,15.680,1.400
-0.571,-0.858,0.118,-42.700,13.300,0.490
-0.575,-0.865,0.145,-40.460,7.350,-2.170
-0.585,-0.877,0.164,-33.950,1.120,-6.790
-0.594,-0.873,0.183,-25.900,-3.990,-8.750
-0.608,-0.886,0.194,-17.150,-7.560,-10.290
-0.606,-0.901,0.207,-9.660,-7.630,-11.130
-0.611,-0.893,0.217,-2.870,-7.490,-10.080
-0.609,-0.921,0.227,4.690,-6.720,-8.750
-0.596,-0.928,0.236,7.910,-5.950,-7.070
-0.600,-0.916,0.239,10.080,-5.530,-4.970
-0.607,-0.906,0.232,11.900,-4.550,-2.590
-0.596,-0.925,0.229,11.060,-3.710,-0.280
-0.590,-0.915,0.213,6.720,-2.590,2.730
-0.595,-0.887,0.196,2.380,-2.310,4.970
-0.600,-0.850,0.179,-1.820,-2.520,6.720
-0.603,-0.805,0.163,-4.620,-2.870,7.280
-0.602,-0.767,0.149,-5.740,-3.500,6.300
-0.596,-0.718,0.137,-5.250,-4.550,4.550
-0.594,-0.694,0.122,-5.040,-5.390,3.430
-0.595,-0.657,0.094,-4.900,-6.020,2.240
-0.590,-0.616,0.066,-4.340,-7.000,-0.490
-0.594,-0.573,0.041,-3.010,-8.890,-3.010
-0.594,-0.539,0.007,-2.100,-11.900,-6.650
-0.582,-0.503,-0.018,0.770,-15.120,-12.040
-0.553,-0.496,-0.021,4.690,-19.950,-20.020
-0.527,-0.495,-0.002,6.510,-25.760,-32.410
-0.507,-0.499,0.002,7.350,-33.180,-42.560
-0.500,-0.473,-0.010,9.170,-38.990,-48.090
-0.488,-0.483,-0.008,7.560,-43.610,-56.770
-0.482,-0.460,-0.001,9.100,-50.890,-63.840
-0.464,-0.435,-0.002,11.900,-57.260,-68.250
-0.473,-0.427,-0.004,16.100,-61.180,-73.850
-0.438,-0.405,0.000,19.670,-63.630,-83.580
-0.422,-0.394,0.019,26.110,-69.650,-95.760
-0.396,-0.364,0.020,36.120,-72.870,-101.290
-0.360,-0.400,0.061,42.770,-77.350,-111.370
-0.286,-0.509,0.073,38.360,-78.470,-122.430

1.000,-1.122,0.444,37.100,53.620,132.370
1.041,-1.103,0.461,36.050,57.050,146.020
1.033,-1.134,0.477,36.750,58.800,156.520
1.048,-1.114,0.463,37.590,63.910,170.940
0.992,-1.204,0.488,38.290,72.800,172.410
1.036,-1.233,0.516,36.890,80.360,172.480
1.048,-1.244,0.533,35.000,87.220,179.410
1.055,-1.229,0.549,31.640,89.740,190.190
1.045,-1.228,0.540,27.440,93.730,200.410
1.021,-1.215,0.523,23.800,98.210,204.540
0.987,-1.159,0.531,21.910,99.610,216.510
0.926,-1.190,0.540,19.250,101.430,219.030
0.879,-1.155,0.541,13.720,106.680,223.090
0.835,-1.125,0.525,8.820,110.810,228.620
0.796,-1.066,0.524,2.520,111.440,233.170
0.749,-1.035,0.506,-0.700,110.180,229.180
0.707,-0.961,0.465,-2.520,111.720,233.310
0.660,-0.908,0.439,-6.720,112.980,235.760
0.616,-0.756,0.427,-5.880,113.820,236.250
0.594,-0.848,0.405,-5.880,115.710,235.690
0.553,-0.812,0.370,-8.120,120.050,232.470
0.522,-0.792,0.356,-11.270,119.630,229.740
0.528,-0.775,0.341,-15.330,119.140,225.610
0.511,-0.781,0.321,-17.710,117.670,219.940
0.520,-0.772,0.322,-17.780,115.360,216.090
0.528,-0.756,0.302,-18.410,114.380,213.640
0.497,-0.764,0.313,-14.980,113.890,198.660
0.414,-0.772,0.323,-16.240,114.590,185.780
0.443,-0.699,0.343,-20.510,112.350,194.810
0.433,-0.693,0.338,-22.890,110.670,197.120
0.382,-0.721,0.349,-20.790,108.220,190.400
0.337,-0.734,0.343,-16.730,106.050,175.700
0.326,-0.693,0.328,-13.720,107.100,181.720
0.306,-0.706,0.358,-8.190,102.620,183.120
0.260,-0.727,0.377,-3.920,102.200,177.170
0.228,-0.757,0.429,0.420,99.470,166.740
0.173,-0.848,0.428,2.240,102.130,145.040
0.194,-0.832,0.403,-7.210,108.780,144.760
0.253,-0.837,0.433,-10.640,99.750,150.500
0.161,-0.894,0.355,-17.640,105.140,133.350
0.086,-0.821,0.352,-26.390,109.970,122.920
0.053,-0.839,0.328,-28.000,105.070,121.520
0.048,-0.700,0.329,-27.370,95.060,145.530
-0.003,-0.671,0.248,-29.890,108.430,137.900
-0.085,-0.668,0.320,-21.630,101.710,126.350
-0.075,-0.461,0.306,-3.290,84.700,143.850
-0.074,-0.554,0.254,1.330,80.360,140.140
-0.187,-0.568,0.211,0.490,86.170,136.080
-0.172,-0.616,0.210,-0.420,89.390,123.970
-0.232,-0.641,0.202,-3.570,89.320,107.030
-0.210,-0.600,0.185,-4.550,86.660,103.390
-0.241,-0.640,0.183,-2.660,78.610,95.900
-0.216,-0.748,0.150,-10.850,75.950,80.710
-0.309,-0.525,0.143,-5.810,70.840,85.610
-0.349,-0.683,0.119,-9.870,69.930,52.430
-0.439,-1.046,0.065,-33.950,81.130,-11.620
-0.327,0.239,0.272,20.720,55.510,72.730
-0.388,-0.588,0.120,21.770,62.510,66.920
-0.513,-0.578,0.165,24.290,67.690,67.130
-0.439,-0.552,0.204,27.510,63.910,69.860
-0.474,-0.577,0.184,22.890,67.690,73.220
-0.506,-0.630,0.157,22.820,63.560,64.820
-0.470,-0.651,0.096,21.070,57.470,50.190
-0.461,-0.661,0.019,10.990,52.150,44.730
-0.500,-0.658,-0.034,5.460,45.430,35.140
-0.501,-0.614,-0.043,-0.910,31.850,23.870
-0.546,-0.722,-0.089,-23.800,34.930,-0.910
-0.741,-0.713,-0.040,-17.080,16.870,-2.730
-0.419,-0.457,-0.040,5.390,4.480,13.440
-0.593,-0.555,-0.026,9.870,2.940,13.930
-0.581,-0.549,-0.001,7.070,3.220,8.960
-0.605,-0.549,0.023,13.090,-1.890,1.820
-0.619,-0.595,0.023,9.800,-0.350,-6.300
-0.596,-0.539,0.028,23.310,-5.950,-4.970
-0.607,-0.575,0.023,25.340,-7.630,-6.160
-0.613,-0.605,0.013,23.100,-7.770,-5.250
-0.626,-0.634,0.024,17.150,-3.500,-2.100
-0.629,-0.668,0.041,9.170,1.540,1.610
-0.633,-0.685,0.067,-1.120,6.510,4.830
-0.619,-0.695,0.097,-8.400,8.050,4.410
-0.607,-0.707,0.140,-10.290,6.510,1.330
-0.596,-0.717,0.180,-10.290,4.200,-2.590
-0.585,-0.758,0.222,-11.060,2.100,-4.480
-0.574,-0.784,0.250,-13.510,1.050,-5.110
-0.570,-0.813,0.256,-15.750,0.770,-5.040
-0.569,-0.846,0.264,-15.890,-0.350,-4.550
-0.579,-0.863,0.250,-14.630,-2.660,-4.270
-0.565,-0.881,0.246,-10.640,-5.040,-4.130
-0.560,-0.911,0.249,-7.420,-7.910,-4.830
-0.566,-0.901,0.252,-4.970,-10.010,-4.760
-0.564,-0.895,0.257,-2.170,-11.550,-4.060
-0.568,-0.881,0.253,-1.540,-11.760,-3.080
-0.582,-0.851,0.251,-0.910,-10.850,-2.100
-0.593,-0.821,0.240,0.490,-9.100,-1.750
-0.592,-0.800,0.239,1.750,-7.840,-1.540
-0.598,-0.777,0.226,2.870,-5.950,-1.400
-0.596,-0.770,0.220,2.940,-4.270,-1.400
-0.582,-0.785,0.211,1.330,-3.780,-0.630
-0.577,-0.794,0.200,-3.990,-4.620,0.420
-0.585,-0.786,0.186,-7.070,-4.130,-0.910
-0.582,-0.762,0.175,-8.820,-5.600,-1.960
-0.584,-0.739,0.164,-9.520,-7.700,-2.870
-0.584,-0.725,0.150,-8.820,-9.450,-5.040
-0.578,-0.707,0.144,-7.630,-11.340,-6.720
-0.583,-0.685,0.142,-6.020,-12.110,-9.590
-0.583,-0.651,0.120,-1.820,-14.000,-12.600
-0.589,-0.598,0.099,2.170,-15.050,-15.820
-0.586,-0.571,0.078,7.070,-17.150,-20.370
-0.581,-0.536,0.049,11.970,-19.810,-24.990
-0.577,-0.509,0.027,15.820,-22.820,-31.570
-0.556,-0.463,-0.002,20.300,-29.540,-37.940
-0.541,-0.438,-0.013,24.990,-34.860,-45.430
-0.517,-0.422,-0.021,28.350,-41.090,-55.650
-0.502,-0.404,-0.028,29.820,-47.670,-63.210
-0.478,-0.391,-0.035,31.220,-54.740,-70.630
-0.414,-0.401,-0.022,33.390,-66.080,-79.380
-0.395,-0.436,-0.011,32.550,-73.780,-88.340
-0.367,-0.424,0.003,33.390,-81.760,-98.140
-0.339,-0.476,0.013,33.810,-89.040,-103.880

1.059,-1.032,0.398,43.820,63.560,170.450
1.049,-1.051,0.408,39.970,69.370,173.880
1.048,-1.068,0.419,35.560,74.830,183.260
1.038,-1.084,0.451,30.660,78.610,188.510
1.035,-1.105,0.454,24.640,84.560,185.500
1.050,-1.107,0.458,15.680,88.480,188.790
1.027,-1.096,0.465,10.290,92.050,189.980
1.005,-1.091,0.467,3.010,95.690,200.480
1.017,-1.042,0.473,-3.220,97.650,197.190
0.984,-1.072,0.489,-9.240,98.420,198.310
0.976,-1.024,0.508,-13.790,97.930,207.200
0.946,-1.015,0.509,-15.190,96.320,205.310
0.889,-0.983,0.498,-14.210,98.280,203.280
0.878,-0.936,0.482,-12.180,98.630,210.210
0.843,-0.903,0.453,-9.590,101.920,209.230
0.806,-0.885,0.447,-4.410,100.310,212.660
0.813,-0.870,0.437,-4.620,99.470,219.170
0.733,-0.864,0.403,-3.850,100.870,216.860
0.659,-0.848,0.379,-4.550,106.120,210.280
0.651,-0.849,0.380,-3.010,110.600,205.170
0.660,-0.863,0.380,-4.410,107.450,212.030
0.673,-0.808,0.352,-10.290,105.070,221.060
0.613,-0.825,0.372,-13.930,105.490,217.000
0.580,-0.801,0.388,-18.130,107.380,213.850
0.544,-0.759,0.381,-16.450,107.310,212.730
0.506,-0.738,0.397,-10.920,106.120,209.860
0.490,-0.731,0.392,-10.990,106.610,207.060
0.421,-0.704,0.352,-11.200,108.990,203.910
0.385,-0.695,0.328,-9.940,108.500,200.340
0.361,-0.683,0.308,-9.310,107.660,194.180
0.303,-0.748,0.329,0.630,107.240,163.100
0.332,-0.679,0.308,-8.260,108.990,160.930
0.334,-0.675,0.324,-10.850,101.360,164.220
0.322,-0.701,0.353,-14.840,98.700,166.040
0.287,-0.701,0.371,-21.140,94.290,163.870
0.233,-0.689,0.376,-20.930,90.860,159.460
0.201,-0.725,0.364,-21.210,90.650,152.460
0.173,-0.775,0.379,-11.410,89.950,127.750
0.147,-0.748,0.394,-11.900,87.640,137.270
0.184,-0.772,0.365,-10.500,84.910,130.550
0.085,-0.854,0.375,-5.250,91.000,113.610
0.043,-0.794,0.395,-6.160,91.630,109.270
0.018,-0.764,0.374,-7.210,92.190,129.850
0.019,-0.724,0.335,-3.360,87.080,144.130
-0.068,-0.802,0.275,-7.000,100.240,135.380
-0.151,-0.805,0.301,-10.710,94.080,115.920
-0.090,-0.741,0.284,10.710,81.690,91.840
-0.184,-0.661,0.247,8.050,77.420,111.160
-0.172,-0.631,0.213,4.760,81.060,123.340
-0.221,-0.733,0.237,-0.210,84.910,114.100
-0.196,-0.720,0.235,-6.510,87.570,104.860
-0.256,-0.690,0.211,-10.570,87.500,94.850
-0.299,-0.621,0.184,-15.260,87.220,93.310
-0.303,-0.572,0.172,-11.480,83.440,81.760
-0.318,-0.530,0.148,-11.340,79.870,70.140
-0.361,-0.539,0.122,-9.940,77.140,56.910
-0.345,-0.510,0.131,-3.850,71.820,50.750
-0.388,-0.567,0.140,-7.560,68.320,42.420
-0.401,-0.732,-0.016,-49.700,93.100,-75.600
-0.398,0.446,0.312,4.760,48.230,50.610
-0.342,-0.559,0.079,-2.450,60.130,50.330
-0.507,-0.603,0.120,-6.860,60.970,60.830
-0.421,-0.654,0.125,-7.560,58.380,54.460
-0.400,-0.651,0.131,-7.210,54.460,53.340
-0.444,-0.699,0.115,-10.990,37.170,52.290
-0.461,-0.700,0.100,-7.140,48.090,44.380
-0.467,-0.658,0.092,0.980,43.610,32.270
-0.467,-0.671,0.083,5.180,37.520,26.880
-0.494,-0.661,0.063,6.930,35.140,27.440
-0.515,-0.680,0.059,9.800,33.530,23.170
-0.507,-0.666,0.069,14.770,31.080,19.460
-0.496,-0.734,0.070,16.660,26.740,8.960
-0.500,-0.729,0.072,14.700,20.230,2.730
-0.554,-0.837,0.020,-9.520,30.450,-20.160
-0.746,-0.724,0.026,9.940,25.270,-5.880
-0.399,-0.614,0.034,24.010,16.100,12.740
-0.574,-0.770,0.029,24.150,11.060,3.640
-0.545,-0.669,0.016,19.670,8.260,2.100
-0.524,-0.715,-0.004,14.560,2.240,2.380
-0.552,-0.709,-0.018,7.210,2.240,2.660
-0.571,-0.679,-0.011,4.200,-1.680,0.560
-0.557,-0.666,-0.013,-0.280,-2.870,0.910
-0.582,-0.683,-0.003,-6.510,0.980,2.800
-0.570,-0.712,0.023,-11.900,1.890,2.240
-0.543,-0.736,0.047,-12.320,0.630,0.490
-0.546,-0.766,0.068,-11.760,-2.380,-1.330
-0.539,-0.812,0.095,-10.990,-6.440,-2.450
-0.525,-0.848,0.114,-11.620,-9.800,-2.800
-0.515,-0.872,0.127,-12.880,-12.810,-3.080
-0.515,-0.890,0.146,-14.070,-15.750,-3.220
-0.525,-0.886,0.157,-15.050,-18.620,-3.290
-0.530,-0.875,0.164,-14.490,-20.650,-3.500
-0.529,-0.870,0.177,-12.110,-22.400,-4.550
-0.546,-0.839,0.182,-8.120,-23.310,-5.180
-0.554,-0.811,0.173,-3.150,-23.380,-5.810
-0.563,-0.789,0.162,3.500,-23.590,-6.440
-0.560,-0.757,0.142,7.700,-24.290,-7.070
-0.566,-0.742,0.114,11.130,-25.200,-8.750
-0.553,-0.723,0.087,12.950,-27.160,-10.640
-0.544,-0.703,0.055,12.950,-30.660,-12.180
-0.535,-0.680,0.021,10.710,-35.700,-15.470
-0.529,-0.639,0.004,8.960,-40.320,-19.110
-0.524,-0.590,-0.006,8.050,-44.660,-23.940
-0.524,-0.527,-0.018,8.190,-49.420,-30.940
-0.520,-0.482,-0.032,9.450,-53.340,-36.960
-0.507,-0.453,-0.039,11.270,-58.730,-43.890
-0.459,-0.462,-0.008,14.630,-64.540,-52.500
-0.421,-0.483,0.021,16.240,-71.050,-60.550
-0.397,-0.503,0.048,17.220,-77.000,-68.250
-0.371,-0.508,0.076,19.530,-81.550,-78.120
-0.358,-0.531,0.108,22.750,-86.170,-83.650
-0.320,-0.538,0.140,27.860,-90.580,-85.890
-0.317,-0.549,0.163,30.520,-92.960,-91.630
-0.316,-0.532,0.152,36.050,-94.990,-95.480
-0.284,-0.557,0.149,39.970,-98.210,-98.770
-0.248,-0.506,0.168,47.460,-99.680,-103.180
-0.242,-0.611,0.174,51.520,-103.320,-104.930
-0.197,-0.605,0.185,58.030,-103.460,-105.770
-0.181,-0.628,0.232,61.460,-103.320,-116.970

1.037,-1.083,0.396,27.300,18.340,70.770
1.025,-1.073,0.388,34.790,24.080,85.750
1.023,-1.062,0.363,41.510,31.010,100.100
1.027,-1.058,0.353,46.550,37.240,113.750
1.036,-1.065,0.351,49.490,41.720,124.530
1.047,-1.051,0.366,51.590,44.520,134.470
1.034,-1.030,0.389,53.620,46.060,144.200
1.009,-1.009,0.395,55.510,49.630,151.900
0.989,-0.997,0.407,56.280,53.830,158.690
0.973,-0.998,0.421,55.510,57.400,165.200
0.956,-0.997,0.420,52.920,60.760,169.470
0.939,-1.019,0.412,48.090,64.190,173.040
0.927,-1.038,0.408,40.600,68.600,168.280
0.885,-1.013,0.378,31.710,73.080,173.950
0.910,-0.981,0.366,23.730,73.920,174.230
0.869,-0.990,0.347,14.140,73.780,174.370
0.882,-0.945,0.335,6.090,73.010,177.450
0.848,-0.935,0.350,-0.070,75.180,173.950
0.851,-0.878,0.374,-2.940,74.480,175.980
0.790,-0.903,0.399,-5.320,74.480,170.030
0.802,-0.836,0.389,-7.140,78.330,175.210
0.775,-0.882,0.395,-9.170,77.420,170.730
0.799,-0.878,0.376,-11.410,78.470,175.700
0.767,-0.875,0.365,-15.330,78.820,176.050
0.745,-0.859,0.369,-16.940,75.810,171.640
0.758,-0.822,0.372,-17.570,73.290,178.430
0.732,-0.789,0.371,-16.940,72.800,180.320
0.687,-0.780,0.378,-12.950,70.840,172.060
0.683,-0.766,0.374,-9.800,73.640,174.720
0.665,-0.789,0.381,-5.110,74.830,170.520
0.622,-0.762,0.374,-4.760,80.780,177.100
0.612,-0.783,0.388,-4.340,82.670,180.390
0.595,-0.843,0.384,-6.440,84.770,173.880
0.570,-0.876,0.394,-5.110,85.120,159.040
0.568,-0.841,0.393,-12.460,85.540,168.280
0.591,-0.811,0.398,-21.350,80.780,175.910
0.544,-0.825,0.389,-25.130,77.700,173.460
0.518,-0.824,0.406,-27.020,76.160,170.520
0.503,-0.801,0.405,-28.770,76.650,169.540
0.476,-0.797,0.420,-26.810,76.230,166.110
0.435,-0.793,0.407,-26.390,80.360,159.530
0.345,-0.857,0.419,-11.620,83.090,123.200
0.389,-0.762,0.404,-13.020,82.390,127.890
0.412,-0.757,0.411,-19.600,79.870,147.070
0.366,-0.817,0.411,-21.280,77.980,151.060
0.330,-0.800,0.415,-23.170,76.230,151.620
0.301,-0.805,0.404,-21.280,75.600,147.560
0.273,-0.790,0.396,-15.750,75.460,134.820
0.221,-0.788,0.357,-14.280,72.170,135.240
0.215,-0.747,0.353,-15.820,71.470,137.900
0.176,-0.806,0.359,-12.740,72.170,126.560
0.141,-0.884,0.362,-6.370,69.370,99.050
0.113,-0.746,0.335,-15.750,71.540,110.600
0.148,-0.739,0.336,-20.090,67.620,122.080
0.055,-0.795,0.342,-21.700,65.170,110.950
0.012,-0.796,0.338,-13.020,59.500,84.560
-0.046,-0.752,0.302,-14.280,61.180,84.140
-0.031,-0.735,0.288,-10.990,61.950,95.480
-0.031,-0.689,0.277,-10.150,65.800,110.950
-0.082,-0.721,0.292,-9.870,67.690,110.390
-0.102,-0.742,0.276,-11.900,69.440,107.940
-0.117,-0.757,0.259,-13.090,68.670,95.620
-0.148,-0.715,0.239,-16.800,77.910,98.910
-0.173,-0.773,0.127,-12.600,84.770,96.600
-0.246,-0.747,0.291,-20.650,68.740,85.820
-0.144,-0.713,0.261,-1.050,45.710,90.230
-0.196,-0.768,0.192,1.260,52.920,92.960
-0.308,-0.790,0.235,-5.180,61.390,91.140
-0.258,-0.810,0.249,-7.210,61.390,87.780
-0.260,-0.792,0.229,-5.320,57.190,84.420
-0.294,-0.794,0.227,-4.340,56.770,78.960
-0.313,-0.769,0.216,-3.080,57.610,75.180
-0.331,-0.791,0.244,3.920,49.350,67.620
-0.343,-0.763,0.233,5.320,47.810,64.330
-0.396,-0.764,0.238,7.420,49.490,63.420
-0.397,-0.775,0.228,8.610,48.580,56.770
-0.356,-0.823,0.245,9.380,46.060,43.750
-0.362,-0.792,0.227,11.690,50.330,40.250
-0.402,-0.894,0.241,5.110,54.110,27.230
-0.408,-0.840,0.228,-1.960,55.090,31.500
-0.416,-0.750,0.244,1.190,53.690,47.180
-0.431,-0.817,0.229,-0.070,54.110,53.200
-0.440,-0.800,0.235,-0.630,51.800,56.910
-0.452,-0.794,0.218,0.840,50.190,49.350
-0.443,-0.839,0.227,-3.290,50.330,38.990
-0.459,-0.902,0.236,-15.330,49.770,18.060
-0.486,-0.958,0.221,-31.360,51.170,-14.560
-0.444,-0.549,0.279,-8.330,41.370,25.340
-0.419,-0.719,0.188,-5.740,41.300,37.310
-0.480,-0.826,0.178,-12.670,45.010,38.500
-0.454,-0.794,0.170,-9.730,42.840,44.660
-0.479,-0.826,0.182,-7.980,38.010,30.450
-0.420,-0.774,0.171,-6.650,33.320,25.690
-0.480,-0.743,0.146,-11.200,37.730,34.860
-0.500,-0.794,0.149,-4.340,35.210,31.010
-0.478,-0.777,0.139,-8.120,34.790,20.440
-0.521,-0.714,0.133,-0.210,29.470,16.590
-0.536,-0.710,0.112,0.770,28.210,9.870
-0.533,-0.649,0.076,3.360,30.240,15.120
-0.593,-0.577,0.074,4.690,33.670,18.410
-0.585,-0.627,0.032,4.900,35.910,-1.610
-0.580,-0.691,-0.044,-11.200,43.050,-46.550
-0.541,-0.228,0.040,18.900,18.130,-10.780
-0.511,-0.485,-0.109,14.630,20.230,1.190
-0.601,-0.486,-0.129,10.010,18.270,3.150
-0.562,-0.451,-0.155,6.650,15.750,-1.680
-0.550,-0.479,-0.166,1.470,10.990,-5.810
-0.545,-0.492,-0.168,-5.460,3.080,-11.480
-0.526,-0.477,-0.148,-6.370,-5.810,-19.110
-0.496,-0.523,-0.133,-2.170,-15.820,-29.610
-0.471,-0.578,-0.106,0.630,-25.410,-35.560
-0.469,-0.643,-0.079,1.960,-32.130,-40.740
-0.454,-0.668,-0.039,3.570,-41.510,-44.450
-0.461,-0.679,-0.025,5.880,-47.040,-48.300
-0.484,-0.658,-0.016,10.570,-52.360,-50.470
-0.492,-0.503,-0.008,20.230,-54.740,-56.140
-0.502,-0.581,-0.011,29.540,-57.820,-57.470
-0.490,-0.589,-0.021,37.450,-60.130,-63.630
-0.480,-0.579,-0.027,47.110,-63.070,-68.390

1.066,-1.094,0.348,42.350,3.430,42.350
1.067,-1.108,0.346,49.980,13.440,61.670
1.073,-1.141,0.372,54.810,21.350,80.990
1.080,-1.197,0.403,54.460,28.350,98.420
1.084,-1.213,0.448,51.100,34.790,113.750
1.081,-1.189,0.486,49.140,41.790,125.790
1.091,-1.179,0.520,48.510,47.880,137.410
1.080,-1.161,0.539,47.390,55.510,147.420
1.058,-1.149,0.543,49.140,64.260,156.870
1.056,-1.139,0.533,49.700,72.170,165.130
1.049,-1.139,0.520,48.860,78.890,172.480
1.032,-1.171,0.508,45.570,84.490,176.260
1.027,-1.162,0.502,40.040,89.110,182.000
1.022,-1.109,0.497,32.550,92.680,197.820
1.013,-1.139,0.502,25.480,95.970,204.750
1.000,-1.159,0.518,17.500,97.860,201.460
0.962,-1.111,0.498,9.800,101.360,200.200
0.969,-1.011,0.489,5.180,102.270,211.050
0.950,-0.986,0.488,2.450,102.200,213.080
0.874,-0.977,0.463,1.050,105.630,201.040
0.837,-0.866,0.433,2.240,106.680,210.490
0.832,-0.861,0.426,2.520,108.150,213.430
0.798,-0.854,0.436,0.280,109.410,211.750
0.775,-0.886,0.446,-0.910,110.600,200.760
0.737,-0.819,0.402,-3.500,114.870,198.590
0.750,-0.697,0.361,-6.090,108.500,215.880
0.679,-0.735,0.327,-9.310,102.830,205.870
0.624,-0.731,0.271,-10.010,102.270,200.200
0.608,-0.681,0.269,-18.970,100.520,203.000
0.592,-0.672,0.293,-21.910,96.880,196.560
0.569,-0.631,0.295,-26.600,96.740,192.990
0.551,-0.604,0.327,-24.710,95.270,191.660
0.556,-0.624,0.365,-24.360,93.590,186.550
0.540,-0.641,0.394,-22.050,92.050,182.630
0.533,-0.654,0.388,-19.320,88.760,177.450
0.518,-0.649,0.393,-14.070,86.940,170.660
0.519,-0.693,0.388,-9.800,86.870,166.180
0.479,-0.693,0.360,-6.020,85.400,165.830
0.438,-0.694,0.322,-0.630,87.570,148.050
0.318,-0.812,0.316,11.900,95.900,106.610
0.390,-0.681,0.358,9.660,94.150,140.000
0.396,-0.746,0.396,-0.210,90.300,149.450
0.368,-0.748,0.417,-4.340,88.830,151.690
0.305,-0.793,0.438,-2.940,86.240,146.720
0.294,-0.801,0.446,-5.740,86.170,140.210
0.235,-0.788,0.420,-7.210,84.000,137.970
0.221,-0.794,0.414,-4.690,77.700,126.770
0.173,-0.848,0.392,-7.210,74.620,106.470
0.137,-0.742,0.365,-12.040,77.560,94.220
0.109,-0.812,0.372,-12.390,72.520,80.990
0.076,-0.753,0.360,-17.080,71.260,78.330
0.035,-0.698,0.362,-20.720,68.040,78.610
0.025,-0.673,0.363,-18.620,63.210,85.680
0.014,-0.690,0.346,-13.230,62.860,94.500
-0.008,-0.719,0.349,-14.700,64.960,93.380
-0.052,-0.723,0.335,-15.890,69.370,91.700
-0.085,-0.776,0.330,-20.370,74.410,81.830
-0.109,-0.743,0.330,-19.180,73.710,80.010
-0.101,-0.782,0.320,-20.720,76.020,82.110
-0.105,-0.789,0.344,-17.780,75.670,84.350
-0.179,-0.809,0.327,-19.390,83.090,86.940
-0.207,-0.734,0.352,-9.450,84.070,92.470
-0.249,-0.755,0.338,-18.690,90.020,91.210
-0.192,-0.757,0.344,-2.660,67.970,94.150
-0.236,-0.766,0.303,6.230,70.490,88.620
-0.285,-0.792,0.341,10.640,76.860,85.750
-0.286,-0.802,0.351,10.920,77.000,85.120
-0.305,-0.803,0.326,10.360,77.700,81.480
-0.306,-0.804,0.301,4.760,79.590,82.180
-0.322,-0.850,0.295,7.770,67.760,70.140
-0.264,-0.825,0.277,10.150,61.810,68.670
-0.341,-0.906,0.261,3.220,63.350,66.010
-0.336,-0.900,0.282,3.080,58.940,63.560
-0.331,-0.892,0.279,1.470,53.550,61.810
-0.379,-0.884,0.258,1.890,54.320,57.330
-0.393,-0.897,0.264,4.270,57.470,40.950
-0.399,-0.993,0.273,3.080,57.540,35.490
-0.456,-0.823,0.257,-10.360,63.490,32.620
-0.477,-0.789,0.250,-10.920,63.980,15.540
-0.507,-0.793,0.218,-7.560,63.280,34.020
-0.407,-0.549,0.230,5.110,58.240,59.150
-0.469,-0.736,0.214,8.400,58.520,62.790
-0.456,-0.729,0.207,9.030,55.090,59.710
-0.455,-0.747,0.206,6.720,50.820,44.590
-0.442,-0.706,0.184,6.370,47.530,44.170
-0.472,-0.699,0.147,-4.340,51.380,51.310
-0.552,-0.700,0.141,-0.770,41.860,41.790
-0.465,-0.572,0.077,1.680,39.830,38.290
-0.552,-0.561,0.054,-10.290,42.210,45.080
-0.556,-0.582,0.047,-4.130,33.110,32.340
-0.485,-0.541,0.030,-11.130,28.560,21.840
-0.515,-0.520,-0.018,-5.530,21.280,20.930
-0.535,-0.531,-0.061,-7.000,12.600,8.820
-0.522,-0.462,-0.092,-7.490,2.100,-1.960
-0.529,-0.451,-0.170,-15.400,3.780,-12.880
-0.595,-0.350,-0.160,-11.480,0.910,-3.500
-0.562,-0.317,-0.150,-2.380,-2.310,-13.230
-0.534,-0.297,-0.110,0.490,-10.010,-19.600
-0.533,-0.343,-0.093,0.700,-14.980,-28.000
-0.512,-0.349,-0.081,5.110,-23.100,-38.570
-0.473,-0.387,-0.055,9.940,-32.270,-49.420
-0.449,-0.451,-0.044,11.410,-41.090,-58.170
-0.440,-0.519,-0.033,11.900,-47.040,-64.330
-0.422,-0.553,-0.016,14.420,-55.300,-70.770
-0.422,-0.552,0.000,16.100,-62.930,-74.410
-0.436,-0.544,0.012,19.040,-68.110,-78.050
-0.432,-0.527,0.010,24.290,-72.730,-81.410
-0.423,-0.486,0.023,35.630,-75.180,-87.780
-0.420,-0.472,0.044,46.270,-80.220,-92.680
-0.385,-0.456,0.061,56.840,-84.840,-96.600
-0.365,-0.498,0.081,63.560,-88.480,-102.830
-0.333,-0.502,0.091,68.950,-93.100,-104.370
-0.259,-0.517,0.104,74.270,-100.380,-102.620
-0.216,-0.722,0.123,60.410,-106.050,-120.400
-0.156,-0.640,0.181,58.310,-114.030,-120.960
-0.101,-0.788,0.231,45.150,-120.680,-125.090
-0.083,-0.842,0.278,32.060,-124.110,-129.920
-0.107,-0.710,0.315,30.030,-126.980,-126.280
-0.117,-0.724,0.331,31.010,-125.790,-125.720

0.977,-1.052,0.518,33.600,74.970,156.170
0.976,-1.094,0.524,28.000,83.930,161.420
1.006,-1.047,0.524,21.770,88.340,170.520
1.014,-1.076,0.523,15.540,92.750,174.510
1.012,-1.077,0.506,7.350,98.560,179.760
1.007,-1.060,0.492,-0.350,101.010,189.560
1.008,-1.022,0.490,-5.110,101.570,189.140
0.991,-0.993,0.490,-10.080,104.930,193.970
0.936,-0.887,0.501,-14.840,108.850,197.890
0.967,-0.954,0.478,-17.990,115.710,199.430
0.939,-0.916,0.465,-19.880,118.790,199.290
0.908,-0.907,0.476,-19.880,117.950,204.470
0.914,-0.907,0.476,-21.210,116.690,203.140
0.860,-0.948,0.508,-21.910,119.000,198.100
0.849,-0.904,0.537,-19.460,113.190,201.040
0.820,-0.877,0.527,-18.830,113.610,202.790
0.811,-0.809,0.511,-18.900,111.510,212.590
0.763,-0.831,0.467,-17.710,112.910,212.380
0.699,-0.850,0.442,-17.780,111.440,192.920
0.640,-0.866,0.408,-16.730,113.750,180.600
0.671,-0.758,0.389,-24.220,116.270,206.710
0.621,-0.780,0.387,-27.720,118.160,208.600
0.577,-0.768,0.406,-30.940,121.870,207.830
0.546,-0.772,0.416,-31.220,122.010,206.850
0.542,-0.786,0.450,-31.360,118.720,204.400
0.532,-0.763,0.449,-31.360,115.850,200.620
0.485,-0.701,0.426,-29.330,112.630,198.660
0.462,-0.693,0.413,-25.620,114.660,189.980
0.396,-0.695,0.402,-11.340,117.110,143.570
0.336,-0.664,0.379,-10.080,118.090,136.220
0.448,-0.577,0.367,-14.910,111.440,162.960
0.427,-0.640,0.349,-21.210,105.770,173.180
0.346,-0.669,0.341,-22.890,99.960,167.930
0.313,-0.650,0.326,-1.050,94.570,163.170
0.299,-0.681,0.360,-14.070,85.470,149.800
0.257,-0.729,0.377,-6.300,80.570,119.770
0.203,-0.763,0.391,-12.250,84.630,105.210
0.222,-0.743,0.435,-12.390,79.800,99.330
0.226,-0.707,0.413,-15.820,78.050,98.350
0.178,-0.646,0.407,-17.080,75.320,103.740
0.126,-0.621,0.399,-9.730,72.170,104.720
0.078,-0.638,0.376,1.050,71.050,116.620
0.055,-0.649,0.348,7.910,88.550,119.630
-0.016,-0.686,0.315,4.340,81.760,115.430
-0.056,-0.726,0.298,-2.870,91.840,108.290
-0.074,-0.707,0.327,-3.570,94.010,107.240
-0.081,-0.796,0.346,-9.240,93.450,102.550
-0.182,-0.829,0.353,-8.400,92.050,99.610
-0.100,-0.732,0.315,-28.560,92.960,115.640
-0.233,-0.779,0.235,-33.320,111.090,109.480
-0.214,-0.672,0.369,-17.920,87.500,112.700
-0.163,-0.712,0.287,-19.740,79.800,105.280
-0.269,-0.659,0.282,-16.310,84.350,101.290
-0.313,-0.656,0.262,-16.450,89.810,98.840
-0.306,-0.661,0.260,-11.830,89.670,95.130
-0.319,-0.677,0.269,-3.850,71.750,87.500
-0.252,-0.690,0.204,12.320,59.150,78.610
-0.359,-0.704,0.166,7.210,70.350,76.090
-0.377,-0.755,0.203,9.380,65.310,68.390
-0.328,-0.750,0.213,10.990,59.010,56.840
-0.335,-0.788,0.219,6.160,58.310,49.840
-0.376,-0.795,0.223,-1.050,59.640,41.860
-0.380,-0.886,0.223,-7.770,63.980,19.390
-0.365,-0.723,0.206,-17.640,64.960,40.040
-0.441,-0.782,0.207,-14.280,62.510,34.440
-0.419,-0.825,0.194,-27.860,61.320,23.030
-0.530,-0.945,0.096,-55.370,77.140,15.330
-0.330,-0.512,0.253,-9.380,47.180,52.570
-0.434,-0.822,0.169,-9.310,48.510,42.840
-0.519,-0.735,0.164,-5.880,48.230,41.790
-0.494,-0.708,0.133,-7.840,47.110,49.700
-0.551,-0.716,0.103,-7.420,46.760,47.320
-0.570,-0.641,0.091,-3.080,32.900,31.990
-0.525,-0.616,0.037,-12.740,33.670,24.780
-0.591,-0.587,0.033,-9.450,28.560,20.650
-0.555,-0.613,0.014,-7.910,19.460,9.940
-0.530,-0.583,-0.024,-7.980,20.860,-14.000
-0.600,-0.435,-0.024,-4.410,3.640,-5.320
-0.488,-0.447,-0.130,-1.540,-1.120,7.560
-0.583,-0.489,-0.168,-10.570,2.520,9.520
-0.601,-0.439,-0.182,-12.880,3.360,3.570
-0.587,-0.350,-0.151,-2.240,-3.640,-6.370
-0.590,-0.325,-0.146,5.320,-0.630,-8.680
-0.612,-0.379,-0.123,5.950,3.150,-10.360
-0.561,-0.389,-0.090,11.410,1.540,-17.990
-0.524,-0.450,-0.047,13.370,-5.040,-23.100
-0.489,-0.556,-0.016,9.660,-11.200,-28.070
-0.458,-0.613,0.029,2.240,-25.690,-31.500
-0.457,-0.626,0.042,-2.730,-31.570,-35.420
-0.456,-0.631,0.045,0.910,-42.700,-41.300
-0.456,-0.612,0.029,3.290,-51.940,-44.520
-0.470,-0.573,0.016,8.120,-56.700,-47.530
-0.490,-0.527,0.020,14.140,-60.480,-53.270
-0.486,-0.466,0.026,25.970,-67.410,-58.450
-0.479,-0.416,0.039,38.780,-72.310,-63.840
-0.477,-0.407,0.050,52.990,-76.160,-73.220
-0.413,-0.412,0.078,64.190,-81.620,-82.320
-0.369,-0.617,0.103,71.890,-88.690,-91.770
-0.304,-0.623,0.129,73.710,-94.360,-100.730
-0.248,-0.656,0.193,73.430,-102.130,-100.660
-0.203,-0.754,0.240,64.610,-108.220,-107.730
-0.206,-0.753,0.293,59.850,-112.840,-108.780
-0.201,-0.770,0.307,53.970,-113.400,-114.800
-0.232,-0.723,0.296,53.550,-112.630,-117.950
-0.242,-0.647,0.264,57.050,-110.880,-120.610
-0.237,-0.656,0.208,58.940,-110.530,-125.230
-0.204,-0.622,0.185,65.590,-112.420,-125.160
-0.117,-0.666,0.214,64.750,-117.740,-131.670
-0.085,-0.733,0.231,58.100,-121.520,-139.230
-0.018,-0.746,0.285,52.290,-127.190,-135.030
0.047,-0.806,0.366,40.810,-127.470,-143.360
0.057,-0.922,0.442,24.150,-130.410,-150.920
0.100,-0.918,0.495,9.380,-132.440,-152.740
0.104,-0.896,0.510,0.490,-132.160,-151.690
0.085,-0.795,0.506,-2.870,-128.800,-150.710
0.094,-0.852,0.476,-11.340,-127.750,-157.780
0.103,-0.745,0.430,-13.790,-126.700,-157.990
0.127,-0.637,0.386,-9.730,-123.270,-150.290
0.153,-0.773,0.370,-15.120,-126.420,-162.260

0.999,-1.032,0.479,28.490,1.820,29.260
1.001,-1.013,0.467,29.960,6.650,39.270
1.001,-1.015,0.468,32.480,11.620,49.840
1.012,-1.034,0.460,33.740,15.960,60.620
1.016,-1.035,0.466,35.840,21.700,72.310
1.027,-1.078,0.478,37.310,28.840,87.710
1.041,-1.097,0.500,37.730,35.560,99.400
1.040,-1.077,0.502,38.640,41.930,110.530
1.030,-1.088,0.496,38.290,49.070,120.890
1.033,-1.109,0.498,35.280,55.300,130.130
1.033,-1.112,0.497,30.100,60.340,138.180
1.021,-1.107,0.499,24.780,65.590,144.830
1.004,-1.113,0.514,19.460,69.580,148.120
0.992,-1.094,0.521,14.910,74.130,154.210
0.983,-1.078,0.526,10.080,81.480,163.310
0.971,-1.063,0.540,5.600,86.450,168.420
0.946,-1.013,0.527,3.500,90.790,174.020
0.919,-1.016,0.517,2.100,93.100,175.210
0.913,-1.017,0.518,-0.840,97.720,186.130
0.895,-1.059,0.558,-5.390,102.270,182.280
0.881,-1.031,0.559,-9.100,105.700,180.040
0.871,-1.016,0.567,-12.670,111.790,185.080
0.872,-1.034,0.557,-18.200,116.480,186.900
0.865,-0.973,0.520,-21.630,116.900,196.490
0.800,-0.911,0.469,-23.660,116.620,200.060
0.752,-0.895,0.453,-25.130,119.000,198.100
0.749,-0.891,0.447,-28.770,118.440,197.470
0.722,-0.866,0.417,-32.690,118.020,196.420
0.664,-0.837,0.398,-37.450,114.240,196.910
0.639,-0.780,0.389,-40.460,111.160,200.270
0.604,-0.743,0.357,-42.630,108.500,200.760
0.555,-0.711,0.323,-44.380,108.920,197.470
0.530,-0.731,0.361,-43.400,108.780,193.690
0.545,-0.762,0.414,-44.170,107.450,190.190
0.538,-0.739,0.462,-42.980,103.600,187.530
0.522,-0.716,0.479,-38.990,99.680,184.940
0.480,-0.678,0.453,-33.740,98.350,184.100
0.454,-0.650,0.428,-26.040,96.180,179.760
0.426,-0.661,0.403,-20.020,99.610,173.180
0.393,-0.691,0.390,-20.650,102.270,169.050
0.367,-0.687,0.390,-12.810,100.450,162.890
0.362,-0.702,0.411,-9.940,101.290,151.830
0.338,-0.735,0.449,-8.610,101.710,144.550
0.334,-0.684,0.453,-10.780,100.100,151.480
0.319,-0.715,0.439,-12.110,97.440,152.250
0.264,-0.723,0.412,-12.250,94.780,148.610
0.231,-0.760,0.394,-11.620,92.820,141.680
0.225,-0.781,0.391,-8.610,91.630,127.960
0.177,-0.764,0.382,-12.600,90.020,128.030
0.159,-0.705,0.357,-18.690,88.270,133.630
0.103,-0.693,0.349,-16.800,86.030,130.480
0.045,-0.740,0.355,-17.780,86.030,115.430
0.094,-0.709,0.342,-20.720,87.710,110.040
0.054,-0.656,0.340,-17.220,81.760,105.350
-0.009,-0.712,0.270,-23.030,85.960,79.520
-0.082,-0.627,0.283,-14.210,82.180,95.550
0.001,-0.668,0.275,-11.340,75.950,96.390
-0.086,-0.730,0.225,-21.910,90.790,87.360
-0.100,-0.715,0.316,-16.450,74.480,84.210
-0.091,-0.676,0.277,-7.280,60.830,88.060
-0.106,-0.701,0.244,-2.590,60.690,92.190
-0.162,-0.747,0.235,-3.290,62.930,92.120
-0.181,-0.782,0.251,-0.140,62.790,87.920
-0.183,-0.778,0.249,-0.560,64.610,84.770
-0.243,-0.775,0.219,-1.120,70.000,83.650
-0.295,-0.766,0.204,-0.070,74.760,82.320
-0.266,-0.817,0.217,-0.210,75.040,79.660
-0.277,-0.837,0.230,-1.610,68.600,77.280
-0.293,-0.852,0.201,-3.220,61.530,70.000
-0.310,-0.833,0.178,-1.820,54.740,60.830
-0.364,-0.834,0.143,-6.370,55.790,48.020
-0.382,-0.768,0.148,-15.680,60.200,47.180
-0.390,-0.788,0.179,-18.480,55.160,44.170
-0.355,-0.807,0.185,-18.200,53.550,40.810
-0.366,-0.830,0.219,-22.610,50.540,31.430
-0.444,-1.062,0.198,-45.990,56.910,-19.390
-0.358,-0.337,0.310,-11.130,44.800,38.500
-0.370,-0.790,0.240,-18.690,51.310,43.610
-0.463,-0.846,0.201,-24.570,59.150,49.420
-0.464,-0.868,0.189,-26.110,57.610,49.630
-0.437,-0.871,0.138,-26.460,54.670,46.970
-0.464,-0.873,0.117,-25.970,52.990,41.160
-0.479,-0.874,0.101,-24.640,50.400,40.600
-0.489,-0.866,0.075,-28.700,49.070,45.640
-0.503,-0.868,0.072,-34.580,43.610,43.890
-0.498,-0.847,0.090,-32.620,39.270,32.480
-0.508,-0.739,0.082,-41.860,42.980,42.140
-0.544,-0.760,0.114,-35.280,35.560,46.130
-0.518,-0.747,0.111,-35.630,35.420,37.100
-0.503,-0.713,0.134,-35.070,26.530,19.600
-0.520,-0.675,0.112,-32.620,21.840,2.520
-0.494,-0.664,0.094,-40.600,24.990,-9.310
-0.547,-0.592,0.086,-35.070,27.300,4.550
-0.596,-0.664,0.035,-29.190,26.110,-17.430
-0.472,-0.391,0.062,1.190,20.860,0.980
-0.522,-0.564,0.054,9.380,18.970,8.960
-0.564,-0.621,0.035,11.270,23.030,16.940
-0.561,-0.628,0.026,17.430,17.290,11.480
-0.526,-0.561,-0.007,17.990,15.680,12.390
-0.544,-0.639,-0.045,11.760,14.140,15.400
-0.545,-0.601,-0.036,7.560,12.040,17.850
-0.525,-0.578,-0.034,2.870,6.510,16.240
-0.539,-0.560,-0.043,-2.310,3.360,16.310
-0.567,-0.551,-0.049,-7.280,2.940,15.330
-0.550,-0.535,-0.051,-9.590,0.350,12.670
-0.541,-0.536,-0.041,-9.590,-4.970,8.190
-0.533,-0.555,-0.056,-8.540,-11.200,2.590
-0.517,-0.573,-0.055,-5.810,-21.490,-7.980
-0.501,-0.584,-0.052,-1.540,-30.310,-15.540
-0.505,-0.584,-0.045,2.380,-40.600,-22.680
-0.514,-0.584,-0.042,6.230,-48.930,-27.930
-0.531,-0.562,-0.049,8.470,-54.320,-31.850
-0.545,-0.534,-0.056,18.270,-58.450,-39.410
-0.515,-0.545,-0.044,28.560,-64.260,-47.320
-0.493,-0.567,-0.016,36.890,-88.200,-55.650
-0.474,-0.592,0.033,43.820,-75.040,-62.510
-0.459,-0.625,0.059,48.230,-77.910,-67.830
-0.444,-0.640,0.093,50.330,-80.010,-70.980
-0.449,-0.666,0.090,49.210,-81.340,-73.990

0.993,-1.018,0.506,8.330,71.120,151.830
1.010,-1.003,0.532,0.770,74.130,157.150
1.005,-0.996,0.547,-4.900,77.980,163.870
1.011,-0.998,0.536,-10.290,83.440,158.060
0.962,-0.943,0.526,-16.590,91.210,171.150
0.975,-0.952,0.551,-20.160,91.000,179.550
0.973,-0.935,0.549,-24.500,94.010,180.110
0.931,-0.928,0.569,-26.320,96.880,187.460
0.929,-0.920,0.570,-28.280,100.380,188.510
0.897,-0.906,0.556,-28.140,103.600,189.000
0.879,-0.887,0.572,-26.110,102.620,192.920
0.847,-0.894,0.579,-24.010,104.090,195.650
0.795,-0.877,0.600,-21.350,105.420,195.860
0.781,-0.824,0.589,-17.290,106.120,198.100
0.741,-0.803,0.582,-13.510,109.550,196.560
0.726,-0.797,0.574,-11.830,104.160,195.580
0.707,-0.792,0.530,-12.600,102.760,193.690
0.679,-0.778,0.482,-13.860,101.360,193.970
0.636,-0.756,0.419,-17.920,105.070,196.140
0.588,-0.745,0.402,-19.950,107.940,196.420
0.568,-0.773,0.425,-22.330,110.670,197.960
0.566,-0.775,0.448,-25.410,112.140,199.850
0.554,-0.761,0.477,-26.390,112.350,198.870
0.541,-0.767,0.517,-24.640,109.200,196.210
0.532,-0.783,0.528,-23.870,106.960,192.010
0.507,-0.752,0.493,-21.980,106.540,189.910
0.461,-0.714,0.440,-19.390,108.360,187.250
0.425,-0.699,0.422,-13.160,108.500,178.710
0.371,-0.675,0.431,1.960,109.760,142.310
0.302,-0.722,0.420,1.190,115.010,133.490
0.377,-0.661,0.425,-5.530,111.860,156.030
0.377,-0.726,0.458,-12.320,107.660,164.920
0.321,-0.719,0.459,-18.060,104.090,161.280
0.265,-0.677,0.442,-15.610,100.660,153.720
0.237,-0.667,0.419,-14.910,97.930,147.840
0.216,-0.693,0.407,-12.530,91.350,130.270
0.182,-0.710,0.396,-6.370,88.130,107.450
0.147,-0.672,0.370,-10.990,90.300,94.920
0.148,-0.739,0.423,-14.420,85.750,86.800
0.150,-0.648,0.435,-16.310,79.730,90.160
0.064,-0.696,0.406,-11.690,74.690,90.230
0.087,-0.542,0.341,-7.840,77.420,104.930
0.014,-0.657,0.294,-10.570,83.440,104.370
0.028,-0.729,0.301,-12.390,85.680,100.660
0.011,-0.814,0.281,-24.080,86.030,91.770
0.001,-0.814,0.272,-31.710,87.150,86.800
-0.008,-0.790,0.279,-38.290,87.360,80.920
-0.126,-0.814,0.233,-42.770,88.060,87.360
-0.064,-0.758,0.325,-24.500,77.700,104.300
-0.120,-0.829,0.263,-42.000,100.730,111.650
-0.151,-0.803,0.282,-23.870,72.170,117.740
-0.200,-0.791,0.187,-23.030,80.570,117.390
-0.307,-0.745,0.151,-16.240,79.520,112.630
-0.282,-0.718,0.104,-13.860,78.120,111.020
-0.286,-0.717,0.099,-16.730,74.900,104.510
-0.314,-0.703,0.090,-13.930,71.820,97.930
-0.319,-0.704,0.141,0.000,45.710,87.010
-0.260,-0.754,0.091,-4.060,38.570,81.130
-0.351,-0.783,0.075,-17.150,47.530,74.900
-0.421,-0.766,0.110,-20.790,40.180,69.160
-0.427,-0.724,0.108,-22.820,32.830,56.140
-0.446,-0.740,0.094,-24.710,36.470,28.000
-0.462,-0.906,0.078,-47.530,51.030,-30.310
-0.444,-0.367,0.259,-36.260,27.650,35.350
-0.403,-0.642,0.151,-35.210,29.400,46.130
-0.511,-0.799,0.171,-43.540,30.520,37.870
-0.431,-0.699,0.170,-51.310,35.070,47.040
-0.469,-0.729,0.198,-50.680,24.430,56.070
-0.492,-0.775,0.177,-47.110,20.370,47.110
-0.448,-0.742,0.191,-45.710,19.180,39.760
-0.422,-0.793,0.194,-43.330,17.850,43.050
-0.441,-0.847,0.205,-47.110,13.090,45.430
-0.448,-0.840,0.201,-42.980,8.540,44.870
-0.447,-0.815,0.212,-42.490,9.310,36.540
-0.478,-0.878,0.208,-37.730,5.040,18.900
-0.499,-0.705,0.192,-40.040,0.630,11.830
-0.524,-0.581,0.186,-22.890,-2.870,6.510
-0.585,-0.752,0.136,-16.730,1.190,10.500
-0.436,-0.538,0.165,10.920,-3.920,26.740
-0.548,-0.663,0.136,12.670,7.210,29.330
-0.602,-0.609,0.142,15.540,8.750,34.370
-0.572,-0.604,0.105,21.210,8.260,27.160
-0.557,-0.545,0.076,21.350,9.870,28.210
-0.589,-0.579,0.077,20.090,5.460,21.490
-0.580,-0.558,0.050,18.900,4.620,12.600
-0.587,-0.487,0.029,12.530,6.020,15.050
-0.610,-0.485,0.027,5.600,10.080,19.320
-0.645,-0.457,0.023,-2.030,13.790,15.190
-0.606,-0.411,0.007,-7.630,14.560,13.860
-0.599,-0.458,-0.012,-14.070,13.090,10.780
-0.588,-0.471,-0.043,-20.230,6.650,4.480
-0.533,-0.495,-0.050,-25.060,-4.620,-2.800
-0.513,-0.540,-0.067,-28.210,-13.580,-13.440
-0.510,-0.572,-0.062,-32.900,-23.450,-22.400
-0.506,-0.542,-0.051,-32.760,-32.970,-33.180
-0.511,-0.534,-0.034,-27.720,-47.390,-45.010
-0.530,-0.496,-0.022,-20.090,-53.130,-55.090
-0.541,-0.448,-0.007,-9.730,-58.170,-66.780
-0.567,-0.400,0.014,7.630,-60.830,-75.600
-0.542,-0.356,0.023,22.330,-62.580,-84.700
-0.549,-0.333,0.019,38.010,-63.560,-91.280
-0.504,-0.362,0.040,53.830,-65.100,-102.550
-0.410,-0.435,0.087,69.720,-67.830,-109.620
-0.350,-0.573,0.146,77.070,-71.470,-117.460
-0.326,-0.668,0.188,76.300,-75.810,-125.510
-0.314,-0.687,0.203,72.800,-78.050,-128.100
-0.267,-0.748,0.235,73.360,-81.970,-128.870
-0.215,-0.798,0.281,67.830,-86.380,-131.460
-0.225,-0.802,0.278,62.440,-90.090,-132.020
-0.240,-0.749,0.253,59.430,-90.650,-130.900
-0.238,-0.678,0.234,62.230,-90.580,-127.260
-0.206,-0.690,0.244,66.710,-92.470,-129.640
-0.178,-0.648,0.247,71.750,-93.310,-129.780
-0.160,-0.707,0.223,75.530,-93.520,-133.840
-0.082,-0.773,0.263,76.300,-94.990,-137.340
-0.007,-0.870,0.310,68.670,-99.680,-145.320
-0.008,-0.874,0.328,57.890,-102.410,-148.050
-0.004,-0.865,0.322,49.070,-105.490,-145.670
0.026,-0.819,0.363,43.750,-105.560,-143.290

1.085,-0.958,0.467,2.240,88.900,176.820
1.083,-0.925,0.497,-0.560,90.720,178.640
1.081,-0.890,0.503,-1.610,93.800,188.090
1.061,-0.866,0.492,-3.290,94.640,197.190
1.024,-0.867,0.453,-4.550,96.880,199.920
0.994,-0.864,0.417,-4.550,98.840,202.020
0.988,-0.941,0.436,-6.580,100.730,197.190
0.997,-0.954,0.456,-9.730,103.460,206.500
0.995,-0.967,0.483,-10.360,106.120,204.820
0.957,-0.974,0.506,-11.060,109.970,207.270
0.937,-0.935,0.533,-10.990,111.090,218.680
0.918,-0.930,0.529,-11.690,112.980,222.880
0.835,-0.960,0.559,-11.340,119.420,220.080
0.848,-0.967,0.581,-12.530,121.730,220.220
0.846,-0.961,0.580,-15.190,122.150,222.390
0.815,-0.935,0.566,-16.450,122.710,224.490
0.754,-0.907,0.541,-16.660,117.600,224.210
0.690,-0.848,0.479,-14.210,116.270,225.680
0.659,-0.861,0.483,-11.690,118.370,226.450
0.659,-0.926,0.488,-15.820,122.570,227.080
0.631,-0.886,0.462,-20.160,126.630,227.360
0.584,-0.871,0.465,-18.410,126.910,227.290
0.564,-0.888,0.471,-20.160,126.280,227.570
0.535,-0.873,0.476,-19.880,125.300,229.740
0.518,-0.871,0.476,-20.090,122.500,224.140
0.472,-0.858,0.456,-23.730,123.900,213.570
0.433,-0.799,0.432,-28.070,125.790,208.250
0.387,-0.756,0.394,-25.550,126.840,205.030
0.367,-0.720,0.408,-26.320,128.100,203.420
0.333,-0.699,0.409,-27.090,124.110,205.800
0.289,-0.686,0.365,-26.390,123.270,203.770
0.259,-0.699,0.343,-25.620,119.210,198.730
0.252,-0.687,0.290,-28.490,115.430,193.060
0.220,-0.666,0.259,-33.250,112.630,190.470
0.191,-0.651,0.237,-37.940,106.050,188.930
0.151,-0.680,0.219,-32.900,101.360,176.680
0.128,-0.746,0.252,-37.380,95.480,157.640
0.168,-0.556,0.257,-44.940,98.840,173.250
0.095,-0.731,0.302,-42.140,88.900,157.010
0.001,-0.752,0.243,-57.610,109.270,138.320
0.057,-0.616,0.342,-45.150,92.330,145.600
0.058,-0.529,0.285,-30.590,76.720,164.500
-0.135,-0.573,0.188,-18.550,80.220,164.780
-0.189,-0.557,0.151,-16.100,91.910,167.510
-0.235,-0.579,0.151,-8.820,93.520,159.670
-0.245,-0.554,0.126,-4.550,100.030,148.050
-0.273,-0.569,0.147,-0.840,101.150,130.270
-0.301,-0.605,0.149,1.260,94.850,110.180
-0.302,-0.492,0.162,7.770,83.650,109.410
-0.339,-0.630,0.155,4.200,76.650,72.660
-0.437,-0.847,0.072,-23.940,81.340,9.870
-0.429,0.022,0.172,-2.310,77.630,64.260
-0.361,-0.591,0.065,-12.320,76.650,44.590
-0.468,-0.555,0.082,-22.470,68.810,37.660
-0.398,-0.674,0.037,-37.310,63.420,14.490
-0.530,-0.347,0.052,-18.480,46.690,18.130
-0.479,-0.434,-0.002,-22.330,45.290,19.110
-0.594,-0.512,-0.016,-31.570,42.560,27.930
-0.501,-0.515,0.014,-25.830,32.200,24.150
-0.484,-0.503,-0.009,-28.350,26.180,15.330
-0.529,-0.499,-0.014,-24.010,14.980,16.800
-0.547,-0.538,-0.035,-26.110,18.060,14.700
-0.604,-0.573,-0.020,-23.730,6.860,-3.500
-0.508,-0.460,-0.040,-9.170,2.450,-3.990
-0.645,-0.643,-0.037,-9.520,2.170,-14.000
-0.540,-0.490,-0.020,12.250,-9.380,-14.700
-0.564,-0.575,-0.023,19.950,-10.150,-15.330
-0.583,-0.608,-0.022,22.330,-7.770,-17.500
-0.569,-0.591,-0.010,21.700,-7.560,-20.580
-0.549,-0.603,0.000,16.590,-7.490,-20.160
-0.565,-0.616,0.008,9.030,-4.340,-15.890
-0.571,-0.630,0.004,-1.680,-0.210,-7.490
-0.598,-0.630,-0.000,-17.850,11.620,3.150
-0.588,-0.641,0.002,-33.950,16.800,7.630
-0.561,-0.602,0.000,-40.250,16.450,6.790
-0.549,-0.589,0.007,-38.010,10.780,3.150
-0.529,-0.610,0.020,-34.370,3.570,0.070
-0.520,-0.617,0.018,-31.850,-2.380,-2.170
-0.544,-0.586,0.007,-28.210,-6.510,-4.340
-0.569,-0.548,-0.022,-25.060,-11.690,-7.630
-0.570,-0.522,-0.058,-20.160,-22.470,-15.540
-0.571,-0.472,-0.062,-9.240,-33.740,-24.360
-0.566,-0.424,-0.079,5.880,-39.480,-40.950
-0.544,-0.417,-0.069,18.900,-46.550,-55.720
-0.488,-0.431,-0.038,28.490,-56.910,-68.950
-0.465,-0.486,-0.007,32.410,-66.360,-80.360
-0.401,-0.527,0.041,34.860,-72.170,-89.530
-0.388,-0.569,0.071,34.160,-77.980,-95.900
-0.386,-0.581,0.093,32.130,-81.130,-101.010
-0.387,-0.576,0.113,32.480,-83.650,-103.250
-0.385,-0.577,0.106,32.410,-84.630,-108.080
-0.394,-0.518,0.101,39.970,-85.680,-108.080
-0.351,-0.584,0.108,46.690,-87.360,-116.830
-0.308,-0.625,0.114,51.660,-89.390,-121.660
-0.269,-0.656,0.140,58.310,-90.720,-126.210
-0.252,-0.714,0.149,56.490,-91.420,-131.740
-0.239,-0.694,0.172,62.930,-91.700,-131.950
-0.163,-0.815,0.210,58.730,-92.750,-139.160
-0.145,-0.800,0.224,57.610,-96.600,-139.300
-0.131,-0.814,0.221,51.870,-98.210,-142.240
-0.135,-0.791,0.231,46.690,-100.450,-145.600
-0.112,-0.772,0.242,43.050,-101.570,-125.510
-0.100,-0.713,0.242,43.890,-103.740,-141.960
-0.115,-0.702,0.222,49.210,-105.070,-139.020
-0.067,-0.733,0.245,60.060,-104.230,-137.060
0.062,-0.950,0.398,62.650,-106.260,-138.250
0.123,-0.996,0.447,58.870,-109.060,-144.340
0.071,-1.035,0.439,51.030,-107.590,-151.620
0.052,-0.935,0.396,53.550,-105.700,-149.870
0.082,-0.867,0.366,57.820,-105.350,-140.980
0.146,-0.949,0.362,36.820,-111.090,-145.250
0.158,-0.983,0.332,35.210,-116.200,-148.470
0.184,-0.920,0.328,24.430,-119.000,-145.530
0.220,-0.892,0.408,21.140,-119.630,-141.960
0.252,-0.928,0.514,20.090,-119.000,-138.880
0.272,-0.934,0.552,18.480,-115.430,-140.490
0.281,-0.967,0.544,15.120,-111.580,-146.300
0.323,-0.886,0.586,21.630,-104.930,-140.560
0.355,-0.962,0.600,26.740,-100.800,-139.440

1.093,-1.046,0.441,50.400,72.100,173.250
1.105,-1.068,0.484,42.700,77.490,169.050
1.080,-1.083,0.504,36.470,104.300,165.480
1.107,-1.018,0.510,30.520,98.000,177.520
1.121,-0.985,0.498,24.290,99.400,192.220
1.111,-0.963,0.483,19.880,99.190,199.710
1.075,-0.995,0.488,13.090,104.090,199.990
1.047,-1.051,0.527,4.760,106.540,203.000
1.068,-0.975,0.525,-2.800,107.380,209.510
1.002,-0.964,0.515,-6.090,108.850,199.990
0.997,-0.886,0.501,-6.720,109.970,206.920
0.928,-0.897,0.475,-6.440,112.490,207.270
0.901,-0.895,0.458,-6.580,115.990,204.610
0.883,-0.898,0.464,-4.480,117.040,210.980
0.850,-0.876,0.457,-5.740,116.690,214.620
0.766,-0.905,0.457,-7.140,118.510,215.040
0.753,-0.934,0.472,-8.750,118.440,209.020
0.715,-0.899,0.435,-14.770,115.150,208.320
0.690,-0.832,0.428,-15.190,110.880,215.600
0.647,-0.852,0.393,-15.610,107.520,218.540
0.596,-0.829,0.354,-17.360,110.110,218.750
0.581,-0.828,0.388,-14.700,111.230,218.120
0.573,-0.859,0.432,-13.580,112.490,215.950
0.543,-0.836,0.447,-10.290,112.840,216.020
0.510,-0.825,0.445,-3.360,112.350,216.370
0.489,-0.852,0.447,0.560,111.650,216.580
0.447,-0.835,0.435,4.410,110.950,212.030
0.413,-0.855,0.458,4.340,114.450,203.210
0.379,-0.978,0.503,7.420,115.710,180.390
0.357,-0.838,0.467,0.070,121.520,186.550
0.396,-0.782,0.467,-9.100,122.150,197.400
0.331,-0.854,0.489,-8.890,118.930,192.780
0.285,-0.876,0.510,-4.830,117.040,185.220
0.275,-0.819,0.492,-7.700,116.550,187.670
0.129,-0.873,0.476,-7.840,116.480,178.920
0.190,-0.841,0.448,-10.010,115.710,180.810
0.181,-0.786,0.427,-18.690,116.340,180.040
0.166,-0.798,0.450,-16.800,112.910,166.390
0.030,-0.891,0.433,-17.500,106.400,136.500
0.096,-0.654,0.380,-18.620,106.680,154.840
0.116,-0.544,0.354,-22.050,108.500,173.180
-0.041,-0.671,0.332,-31.150,115.500,145.600
-0.098,-0.635,0.355,-38.150,118.650,151.690
0.023,-0.568,0.312,-36.190,120.470,156.310
-0.086,-0.788,0.245,-50.260,140.210,140.350
-0.061,-0.579,0.355,-37.030,118.790,152.600
-0.027,-0.542,0.265,-25.550,94.570,161.000
-0.211,-0.563,0.168,-18.900,95.620,154.280
-0.237,-0.535,0.144,-21.700,105.420,150.500
-0.222,-0.581,0.175,-23.100,97.020,143.850
-0.232,-0.611,0.199,-16.520,84.280,116.200
-0.227,-0.494,0.166,-14.210,82.320,121.240
-0.324,-0.479,0.145,-3.220,74.830,115.080
-0.348,-0.579,0.111,-11.130,77.630,82.180
-0.369,-0.404,0.110,-7.980,77.210,59.080
-0.389,-0.547,0.071,-27.160,82.250,-18.480
-0.480,0.338,0.188,13.440,53.620,36.050
-0.441,-0.479,-0.030,-11.830,62.720,-17.430
-0.496,-0.219,0.028,-0.140,65.100,-2.730
-0.554,-0.165,0.050,24.360,47.390,31.010
-0.480,-0.390,-0.029,13.930,48.300,33.250
-0.523,-0.447,-0.013,-8.750,49.700,27.160
-0.489,-0.428,-0.020,-4.900,37.940,25.550
-0.476,-0.514,-0.053,-17.570,22.820,13.440
-0.493,-0.528,-0.081,-20.930,10.710,5.250
-0.507,-0.505,-0.092,-18.480,4.130,1.400
-0.556,-0.528,-0.084,-22.820,-1.610,-2.940
-0.545,-0.584,-0.091,-24.500,0.000,-2.380
-0.563,-0.599,-0.045,-23.030,-3.290,-5.320
-0.574,-0.577,-0.039,-17.500,-8.820,-8.470
-0.588,-0.583,-0.036,-11.270,-8.120,-9.100
-0.621,-0.588,-0.046,-8.190,-3.500,-7.980
-0.622,-0.564,-0.028,-7.070,-1.190,-8.190
-0.620,-0.555,0.000,-4.620,-0.700,-9.030
-0.609,-0.566,0.039,-2.800,-2.310,-10.920
-0.590,-0.605,0.056,-3.360,-6.370,-14.140
-0.543,-0.687,0.091,-5.180,-12.810,-19.320
-0.541,-0.743,0.095,-11.200,-19.880,-21.000
-0.524,-0.776,0.060,-17.290,-26.950,-22.260
-0.519,-0.777,0.013,-24.920,-37.800,-22.680
-0.533,-0.744,0.003,-25.760,-43.120,-22.260
-0.547,-0.695,0.004,-22.330,-50.050,-24.500
-0.568,-0.605,-0.007,-9.940,-53.060,-27.440
-0.566,-0.508,-0.004,3.500,-56.210,-33.040
-0.573,-0.454,0.000,20.300,-59.920,-38.990
-0.569,-0.426,-0.004,34.370,-61.880,-46.130
-0.533,-0.409,-0.008,51.590,-65.590,-52.290
-0.485,-0.476,0.010,58.170,-70.560,-60.760
-0.457,-0.470,0.043,66.080,-77.840,-66.920
-0.442,-0.502,0.080,67.830,-85.610,-73.290
-0.396,-0.546,0.116,67.200,-91.280,-79.660
-0.348,-0.614,0.148,57.680,-94.640,-93.450
-0.340,-0.603,0.175,50.820,-100.380,-100.380
-0.348,-0.580,0.188,47.810,-104.790,-104.440
-0.345,-0.573,0.176,40.460,-106.890,-106.890
-0.329,-0.580,0.194,43.610,-108.360,-114.870
-0.247,-0.620,0.243,39.550,-112.630,-123.760
-0.225,-0.616,0.272,38.430,-116.830,-127.400
-0.207,-0.685,0.281,33.460,-116.900,-134.820
-0.192,-0.611,0.313,39.130,-117.110,-131.530
-0.108,-0.742,0.401,39.130,-117.390,-138.460
-0.065,-0.813,0.446,32.830,-118.370,-143.990
-0.072,-0.811,0.439,31.710,-117.180,-143.290
-0.081,-0.821,0.400,29.890,-114.450,-143.780
-0.025,-0.863,0.426,28.840,-117.180,-146.090
0.017,-0.876,0.419,26.180,-119.210,-147.000
0.014,-0.861,0.422,23.240,-122.780,-148.610
0.012,-0.825,0.403,19.530,-124.250,-148.330
0.021,-0.772,0.397,19.880,-123.760,-140.210
0.052,-0.779,0.405,19.320,-123.690,-143.640
0.063,-0.806,0.393,13.790,-124.740,-149.800
0.103,-0.806,0.411,9.170,-123.480,-152.110
0.180,-0.843,0.488,7.070,-122.150,-150.360
0.221,-0.883,0.546,3.780,-120.610,-154.140
0.225,-0.866,0.568,1.960,-116.900,-157.640
0.258,-0.874,0.588,3.360,-113.680,-156.800
0.311,-0.895,0.631,3.710,-110.740,-155.120
0.338,-0.885,0.641,-2.730,-111.020,-160.300
0.348,-0.944,0.629,-4.760,-108.430,-156.660

1.041,-0.977,0.502,32.900,33.670,81.340
1.060,-0.972,0.506,32.270,42.280,94.850
1.070,-0.994,0.503,29.820,53.270,105.840
1.066,-1.000,0.510,27.090,59.220,113.610
1.075,-0.988,0.526,25.480,60.410,122.080
1.048,-0.989,0.516,24.640,65.730,128.100
1.015,-0.996,0.518,23.800,74.130,135.730
1.005,-1.018,0.532,22.400,81.830,140.910
1.000,-1.066,0.554,18.130,89.180,143.150
1.017,-1.079,0.582,12.320,91.350,149.660
1.032,-1.066,0.565,5.040,93.380,159.880
1.024,-1.038,0.551,-0.910,96.600,164.710
0.986,-1.051,0.544,-7.770,100.940,164.640
0.982,-1.035,0.521,-12.180,105.280,170.660
0.983,-1.013,0.493,-14.210,105.840,177.520
0.971,-1.004,0.469,-16.870,109.130,181.370
0.951,-1.006,0.476,-19.320,110.740,181.020
0.938,-0.988,0.462,-24.710,112.070,189.280
0.926,-0.987,0.454,-28.280,112.560,189.700
0.910,-1.017,0.473,-31.920,112.630,192.080
0.888,-1.005,0.480,-35.980,111.440,196.350
0.869,-0.912,0.464,-34.790,111.090,205.240
0.808,-0.910,0.482,-32.060,112.350,206.710
0.758,-0.930,0.474,-32.620,114.170,203.490
0.725,-0.858,0.450,-31.290,116.690,205.870
0.699,-0.873,0.459,-32.550,118.370,205.870
0.661,-0.846,0.450,-34.930,119.560,206.640
0.615,-0.808,0.437,-38.290,116.200,205.310
0.582,-0.810,0.424,-39.620,116.690,202.300
0.555,-0.823,0.429,-45.850,117.810,199.360
0.545,-0.806,0.420,-52.220,118.580,196.910
0.514,-0.774,0.405,-52.920,116.130,195.650
0.508,-0.782,0.408,-51.520,113.680,193.970
0.494,-0.786,0.401,-51.310,112.560,193.900
0.485,-0.792,0.398,-47.600,109.900,189.280
0.451,-0.754,0.379,-45.570,111.650,179.900
0.372,-0.765,0.381,-33.040,113.750,160.160
0.394,-0.678,0.361,-32.200,115.500,177.030
0.387,-0.739,0.355,-27.860,110.810,173.110
0.334,-0.754,0.347,-20.580,107.100,166.810
0.316,-0.784,0.349,-15.890,102.690,162.610
0.295,-0.791,0.321,-16.100,99.540,162.330
0.279,-0.754,0.326,-16.730,91.910,164.290
0.209,-0.738,0.291,-16.380,87.850,155.680
0.157,-0.751,0.289,-12.460,87.780,145.950
0.178,-0.717,0.312,-11.270,85.260,140.980
0.122,-0.680,0.318,-9.940,84.770,142.380
0.067,-0.647,0.335,-4.620,80.430,134.960
-0.032,-0.771,0.328,3.080,76.650,104.090
0.049,-0.588,0.287,-3.360,80.150,131.250
0.069,-0.679,0.276,-3.990,75.810,131.320
-0.046,-0.701,0.223,-13.370,79.730,115.920
-0.086,-0.732,0.231,-20.230,79.730,90.160
-0.075,-0.792,0.235,-35.700,83.440,94.430
-0.016,-0.691,0.202,-26.950,89.110,98.560
-0.138,-0.710,0.303,-39.410,81.620,96.810
-0.078,-0.708,0.324,-22.190,59.920,105.630
-0.124,-0.712,0.242,-18.060,59.500,112.420
-0.242,-0.750,0.243,-17.080,67.130,113.050
-0.237,-0.799,0.259,-18.200,69.440,110.950
-0.263,-0.733,0.225,-16.870,72.450,109.970
-0.311,-0.696,0.191,-12.880,75.040,107.590
-0.332,-0.697,0.212,-2.660,69.230,98.490
-0.321,-0.697,0.225,4.130,60.620,94.500
-0.340,-0.773,0.224,12.040,52.780,85.820
-0.335,-0.778,0.195,13.860,55.720,76.300
-0.410,-0.801,0.170,5.740,64.680,67.690
-0.408,-0.759,0.218,-0.280,59.500,41.370
-0.397,-0.872,0.153,-13.790,61.530,37.170
-0.366,-0.689,0.183,-11.200,58.030,37.590
-0.443,-1.022,0.145,-43.540,64.120,-39.620
-0.289,0.074,0.246,-5.670,46.480,42.070
-0.454,-0.771,0.134,-26.180,52.150,39.480
-0.532,-0.602,0.107,-17.780,55.090,58.310
-0.521,-0.597,0.081,-20.160,54.320,57.330
-0.532,-0.557,0.063,-14.350,48.930,35.700
-0.514,-0.580,0.030,-19.530,44.240,8.400
-0.529,-0.504,0.056,-25.830,40.530,-2.800
-0.644,-0.429,-0.001,0.560,28.490,12.740
-0.441,-0.461,-0.031,5.390,19.880,18.900
-0.551,-0.573,-0.068,-5.810,19.250,12.600
-0.516,-0.507,-0.100,-9.660,14.560,15.330
-0.534,-0.509,-0.135,-8.330,3.710,4.830
-0.531,-0.456,-0.181,-9.800,-5.950,-1.540
-0.564,-0.409,-0.224,-8.470,-10.500,-6.020
-0.587,-0.328,-0.222,-6.790,-8.890,-5.740
-0.625,-0.346,-0.212,-5.390,-1.540,-8.190
-0.607,-0.337,-0.182,0.910,-0.140,-13.720
-0.577,-0.375,-0.158,9.940,-4.690,-22.960
-0.544,-0.437,-0.133,12.530,-13.020,-29.190
-0.515,-0.502,-0.104,11.970,-22.400,-36.890
-0.491,-0.552,-0.055,12.390,-33.040,-43.260
-0.473,-0.595,-0.020,11.900,-39.830,-49.490
-0.453,-0.636,0.022,10.010,-46.410,-54.040
-0.448,-0.653,0.044,9.730,-52.290,-55.930
-0.461,-0.629,0.061,13.020,-56.700,-58.030
-0.467,-0.617,0.063,16.730,-61.110,-62.090
-0.478,-0.585,0.031,22.260,-65.590,-66.220
-0.443,-0.577,0.036,33.460,-71.400,-70.210
-0.428,-0.592,0.044,42.000,-75.530,-75.670
-0.408,-0.573,0.050,50.610,-79.310,-75.250
-0.385,-0.605,0.061,61.670,-82.530,-77.980
-0.328,-0.691,0.106,64.750,-87.290,-81.620
-0.273,-0.734,0.166,64.540,-92.050,-87.290
-0.373,-0.766,0.219,60.340,-95.830,-90.930
-0.259,-0.767,0.216,55.370,-99.400,-87.220
-0.261,-0.767,0.198,52.430,-99.960,-90.160
-0.271,-0.695,0.183,50.470,-98.420,-98.630
-0.273,-0.640,0.171,53.550,-101.010,-101.570
-0.238,-0.623,0.179,62.790,-102.830,-100.380
-0.155,-0.793,0.246,61.250,-104.440,-109.970
-0.096,-0.858,0.320,51.450,-106.400,-121.940
-0.110,-0.817,0.354,46.270,-106.960,-125.720
-0.110,-0.757,0.359,47.880,-106.960,-119.560
-0.077,-0.819,0.388,43.190,-108.360,-127.610
-0.056,-0.853,0.401,38.360,-109.550,-132.020
-0.035,-0.849,0.416,37.310,-109.200,-133.070
0.020,-0.933,0.610,33.880,-108.640,-134.260
0.059,-0.976,0.549,28.980,-109.270,-133.350

1.045,-1.011,0.460,25.830,-17.920,9.170
1.071,-1.025,0.445,31.920,-6.370,25.760
1.054,-1.031,0.401,34.860,6.370,40.880
1.048,-1.032,0.387,39.830,18.690,60.130
1.078,-1.081,0.399,42.210,28.210,79.030
1.108,-1.109,0.447,40.390,36.120,94.430
1.088,-1.117,0.515,37.030,36.050,105.280
1.054,-1.109,0.531,33.880,41.440,115.010
1.037,-1.095,0.554,30.310,50.190,122.220
1.024,-1.114,0.583,26.810,56.630,121.590
1.051,-1.078,0.595,23.940,63.770,134.470
1.047,-1.066,0.609,20.930,68.880,145.530
1.015,-1.054,0.584,16.940,75.810,151.480
1.001,-1.042,0.550,13.650,84.630,156.730
0.997,-1.084,0.537,9.380,90.020,157.290
1.025,-1.071,0.512,2.870,95.060,161.490
1.014,-1.032,0.498,-2.240,101.220,171.360
1.001,-1.044,0.529,-7.070,100.940,176.260
0.963,-1.039,0.537,-11.130,106.260,175.980
0.943,-0.951,0.538,-13.440,107.240,188.720
0.925,-0.988,0.533,-14.070,106.540,191.030
0.881,-0.939,0.514,-14.070,108.500,196.000
0.817,-0.932,0.500,-12.320,108.150,193.690
0.818,-0.884,0.483,-11.060,111.580,200.620
0.784,-0.915,0.469,-11.620,112.630,201.530
0.754,-0.860,0.440,-11.480,113.050,203.840
0.694,-0.841,0.424,-10.920,113.610,197.610
0.672,-0.814,0.427,-9.520,112.630,196.700
0.658,-0.771,0.388,-8.330,113.820,201.040
0.598,-0.780,0.403,-7.280,109.060,199.360
0.558,-0.770,0.375,-12.110,112.630,197.610
0.506,-0.743,0.351,-14.700,115.850,195.510
0.490,-0.752,0.349,-16.730,115.430,192.640
0.487,-0.775,0.369,-21.700,114.100,192.010
0.467,-0.774,0.380,-26.180,110.670,190.610
0.452,-0.767,0.394,-30.240,108.500,186.830
0.442,-0.758,0.416,-28.980,104.090,182.560
0.435,-0.745,0.429,-26.180,103.670,173.600
0.406,-0.690,0.421,-23.310,107.240,173.390
0.361,-0.700,0.405,-14.140,104.300,164.780
0.339,-0.692,0.364,5.530,106.330,132.930
0.256,-0.752,0.327,5.600,112.630,125.510
0.308,-0.710,0.311,-0.910,110.600,143.010
0.324,-0.748,0.311,-9.380,103.950,155.190
0.281,-0.821,0.337,-16.450,97.020,155.400
0.231,-0.785,0.335,-20.790,90.160,151.970
0.218,-0.806,0.390,-18.060,85.120,144.690
0.222,-0.840,0.448,-12.950,77.140,127.820
0.133,-0.802,0.428,-9.590,78.330,116.970
0.118,-0.719,0.422,-15.750,83.720,94.220
0.067,-0.764,0.420,-11.340,82.460,96.250
0.065,-0.675,0.386,-4.480,75.460,106.260
0.091,-0.685,0.342,-1.330,70.210,104.300
0.030,-0.707,0.300,-0.140,64.120,105.280
-0.025,-0.776,0.132,-7.350,69.230,101.430
-0.070,-0.773,0.226,-16.030,75.530,96.180
-0.123,-0.817,0.207,-24.570,78.050,88.900
-0.053,-0.699,0.246,-16.030,72.450,92.960
-0.051,-0.841,0.262,-22.750,73.710,95.760
-0.114,-0.756,0.266,-26.530,73.220,100.450
-0.155,-0.800,0.273,-32.620,73.500,107.800
-0.153,-0.861,0.360,-27.020,72.100,113.680
-0.235,-0.794,0.324,-38.290,87.710,118.090
-0.234,-0.783,0.332,-26.110,65.590,120.540
-0.262,-0.771,0.287,-22.120,72.170,117.040
-0.377,-0.698,0.291,-13.020,72.590,111.370
-0.308,-0.691,0.299,-6.230,75.460,108.430
-0.346,-0.705,0.293,-5.600,76.300,102.690
-0.381,-0.655,0.275,4.760,78.260,95.200
-0.340,-0.727,0.339,19.740,56.700,84.630
-0.312,-0.746,0.272,19.740,56.700,81.690
-0.392,-0.841,0.259,11.480,65.590,78.330
-0.360,-0.903,0.302,2.520,61.670,72.450
-0.332,-0.905,0.305,-2.380,50.890,64.260
-0.334,-0.918,0.301,-11.130,49.770,58.870
-0.376,-0.938,0.305,-27.580,51.730,49.700
-0.372,-1.078,0.244,-50.260,60.130,33.180
-0.409,-0.667,0.241,-41.930,57.470,55.650
-0.500,-0.760,0.220,-44.170,60.620,35.210
-0.479,-0.824,0.192,-54.740,65.170,-2.380
-0.614,-0.131,0.238,-17.220,47.110,67.970
-0.434,-0.614,0.127,-11.690,52.850,61.390
-0.585,-0.576,0.121,-12.670,59.710,30.590
-0.560,-0.657,0.126,-21.980,54.530,9.170
-0.545,-0.342,0.098,11.060,37.590,40.880
-0.498,-0.427,0.049,31.990,34.160,52.500
-0.615,-0.430,0.046,20.510,34.020,28.840
-0.585,-0.298,0.023,43.820,26.600,35.350
-0.573,-0.420,-0.008,50.120,20.020,24.850
-0.605,-0.371,-0.035,53.900,13.370,16.590
-0.616,-0.322,-0.236,59.290,10.640,15.680
-0.659,-0.388,-0.198,58.730,10.780,8.680
-0.664,-0.324,-0.233,60.200,5.810,-1.050
-0.632,-0.275,-0.268,60.830,3.080,-8.400
-0.642,-0.311,-0.269,39.340,8.190,-6.930
-0.663,-0.356,-0.252,24.990,10.850,-12.320
-0.600,-0.318,-0.201,16.590,5.880,-18.970
-0.561,-0.364,-0.128,10.430,-4.060,-25.550
-0.506,-0.441,-0.069,6.720,-14.140,-29.960
-0.495,-0.508,-0.017,-0.140,-26.670,-36.820
-0.473,-0.558,0.010,-5.390,-42.140,-41.370
-0.473,-0.573,-0.011,-4.060,-51.310,-46.410
-0.478,-0.552,-0.007,-0.770,-65.310,-51.170
-0.484,-0.521,-0.009,6.860,-74.760,-55.020
-0.495,-0.487,-0.019,33.530,-83.090,-63.490
-0.472,-0.443,-0.011,29.120,-91.560,-71.400
-0.445,-0.398,0.015,47.180,-102.760,-71.960
-0.389,-0.517,0.053,52.080,-124.950,-80.780
-0.354,-0.517,0.140,55.510,-112.840,-84.490
-0.351,-0.603,0.188,51.240,-117.390,-92.820
-0.253,-0.740,0.270,46.200,-121.940,-102.690
-0.227,-0.846,0.369,39.830,-125.720,-105.770
-0.236,-0.866,0.400,29.330,-125.790,-109.900
-0.272,-0.770,0.394,31.290,-126.770,-103.180
-0.272,-0.870,0.365,25.970,-124.670,-107.310
-0.277,-0.860,0.336,20.300,-123.970,-116.480
-0.295,-0.762,0.301,19.530,-124.530,-119.210
-0.285,-0.718,0.275,22.260,-125.510,-118.440
-0.221,-0.757,0.325,23.030,-126.280,-119.280

1.099,-1.045,0.400,1.960,-21.840,-30.310
1.121,-1.085,0.417,10.640,-15.050,-8.190
1.129,-1.093,0.419,17.990,-7.000,10.220
1.119,-1.081,0.409,25.130,2.030,28.490
1.104,-1.076,0.397,30.800,11.200,46.830
1.097,-1.071,0.380,33.460,20.090,64.330
1.099,-1.071,0.376,32.340,29.540,79.940
1.098,-1.086,0.407,30.660,36.540,95.620
1.110,-1.072,0.449,24.080,41.860,106.540
1.091,-1.033,0.469,17.780,50.820,115.990
1.044,-0.981,0.483,14.700,55.650,125.580
1.031,-0.956,0.491,13.370,58.310,133.140
1.041,-0.935,0.509,13.440,57.120,135.660
1.039,-0.886,0.495,16.100,58.450,144.270
0.981,-0.893,0.488,17.430,62.440,150.710
0.964,-0.881,0.489,17.990,66.990,155.890
0.975,-0.881,0.495,17.500,71.400,160.020
0.969,-0.892,0.494,15.120,74.480,162.890
0.946,-0.881,0.490,11.690,75.810,166.390
0.931,-0.891,0.485,7.000,79.310,167.370
0.898,-0.889,0.488,0.000,79.940,168.840
0.888,-0.869,0.488,-5.670,81.620,168.420
0.859,-0.834,0.481,-10.150,81.970,170.520
0.844,-0.817,0.473,-13.720,81.970,174.160
0.813,-0.861,0.467,-17.850,85.680,170.940
0.784,-0.839,0.473,-22.610,87.850,172.130
0.778,-0.815,0.486,-25.900,86.730,178.010
0.631,-0.853,0.508,-30.590,86.310,175.630
0.693,-0.793,0.489,-33.530,87.080,177.310
0.665,-0.740,0.454,-33.180,86.380,176.330
0.631,-0.746,0.441,-32.410,87.150,173.040
0.630,-0.780,0.447,-31.500,84.490,170.800
0.628,-0.766,0.434,-30.730,83.300,173.250
0.590,-0.735,0.403,-25.690,81.760,173.460
0.551,-0.758,0.407,-22.260,82.950,172.340
0.524,-0.776,0.413,-21.840,85.050,171.080
0.498,-0.775,0.399,-21.420,86.240,168.630
0.486,-0.794,0.418,-20.720,84.980,168.210
0.468,-0.821,0.420,-21.980,81.130,168.140
0.459,-0.824,0.421,-26.320,78.890,166.880
0.452,-0.839,0.448,-27.300,75.950,165.620
0.454,-0.856,0.467,-30.240,74.200,164.640
0.410,-0.822,0.438,-31.150,74.900,163.870
0.378,-0.813,0.434,-26.390,75.670,156.450
0.350,-0.882,0.417,-13.930,78.120,125.370
0.286,-0.799,0.385,-17.010,84.070,138.320
0.366,-0.806,0.429,-14.420,80.920,153.790
0.303,-0.829,0.406,-13.510,80.430,158.340
0.233,-0.806,0.417,-9.030,80.920,157.430
0.219,-0.821,0.436,-6.440,79.660,151.060
0.200,-0.865,0.452,-3.360,74.270,139.440
0.168,-0.885,0.415,-5.670,75.530,140.000
0.203,-0.808,0.416,-9.520,69.230,139.790
0.153,-0.866,0.405,-14.700,67.410,128.450
0.132,-0.855,0.400,-18.970,67.760,126.280
0.136,-0.812,0.400,-24.220,69.370,125.020
0.099,-0.823,0.381,-28.700,71.540,118.440
0.039,-0.726,0.375,-27.790,73.080,110.250
0.009,-0.714,0.375,-12.880,65.590,108.500
0.025,-0.667,0.352,-6.790,64.610,108.500
-0.024,-0.743,0.356,-5.320,66.990,107.240
-0.041,-0.712,0.352,-5.810,71.260,112.630
-0.074,-0.735,0.347,-7.560,76.790,113.680
-0.071,-0.756,0.367,-8.400,77.350,114.730
-0.073,-0.766,0.356,-11.130,77.840,114.730
-0.232,-0.792,0.345,-9.940,77.910,102.900
-0.096,-0.786,0.373,-24.710,69.300,108.290
-0.152,-0.830,0.209,-27.160,100.380,103.040
-0.190,-0.764,0.422,-13.510,61.180,96.390
-0.065,-0.801,0.339,-2.660,54.950,101.500
-0.201,-0.823,0.318,-10.290,67.200,100.240
-0.278,-0.800,0.364,-8.260,72.380,99.820
-0.250,-0.789,0.378,-6.160,70.280,97.930
-0.262,-0.795,0.379,-2.800,70.420,95.900
-0.260,-0.831,0.392,2.450,67.760,93.730
-0.277,-0.854,0.436,12.950,53.200,85.190
-0.243,-0.877,0.385,19.390,59.150,79.030
-0.323,-0.881,0.387,13.650,63.350,74.760
-0.320,-0.890,0.389,16.100,63.140,64.680
-0.318,-0.881,0.393,16.240,58.520,56.420
-0.348,-0.901,0.366,15.470,61.600,52.640
-0.335,-0.979,0.344,-0.350,68.250,28.770
-0.428,-0.667,0.329,15.890,67.550,50.750
-0.410,-0.573,0.291,29.400,70.000,76.370
-0.495,-0.714,0.229,25.760,76.860,78.680
-0.535,-0.634,0.176,33.530,78.750,80.010
-0.508,-0.588,0.168,47.460,75.950,65.730
-0.502,-0.589,0.136,46.480,71.470,61.040
-0.587,-0.600,0.085,32.480,74.060,41.790
-0.639,-0.621,0.047,30.310,66.570,-5.390
-0.551,0.041,0.063,85.820,37.730,33.250
-0.505,-0.448,-0.089,63.280,37.100,25.130
-0.630,-0.450,-0.158,48.300,27.930,23.380
-0.566,-0.357,-0.225,34.090,21.350,17.430
-0.607,-0.321,-0.246,25.550,9.240,11.690
-0.603,-0.245,-0.294,26.390,-2.310,4.970
-0.585,-0.200,-0.304,20.300,-6.300,1.260
-0.562,-0.299,-0.290,4.130,-6.930,-4.620
-0.554,-0.314,-0.265,-14.700,-1.960,-7.910
-0.544,-0.357,-0.202,-28.070,-7.700,-17.780
-0.471,-0.362,-0.083,-33.460,-21.630,-30.870
-0.451,-0.383,-0.012,-31.850,-37.100,-44.030
-0.455,-0.442,0.035,-28.980,-48.510,-60.480
-0.478,-0.442,0.081,-23.380,-58.170,-67.340
-0.481,-0.468,0.106,-14.980,-62.440,-72.310
-0.481,-0.481,0.131,-6.230,-65.240,-73.150
-0.493,-0.478,0.139,7.210,-67.480,-70.490
-0.518,-0.487,0.131,25.270,-68.670,-72.660
-0.474,-0.482,0.133,39.060,-72.380,-75.110
-0.475,-0.484,0.140,51.450,-76.510,-80.710
-0.460,-0.475,0.151,59.990,-80.780,-87.570
-0.387,-0.499,0.217,69.440,-86.240,-87.850
-0.325,-0.596,0.278,70.980,-90.720,-91.770
-0.323,-0.698,0.304,60.620,-96.040,-98.630
-0.272,-0.771,0.343,50.260,-100.660,-101.220
-0.244,-0.797,0.367,38.500,-106.120,-104.790
-0.252,-0.814,0.345,24.150,-110.460,-106.890
-0.269,-0.789,0.345,14.840,-113.610,-111.160
-0.249,-0.714,0.344,12.530,-115.080,-110.810

1.275,-0.883,0.356,-9.660,-51.870,-120.190
1.235,-0.894,0.324,-3.430,-41.090,-98.210
1.214,-0.874,0.296,6.230,-26.880,-77.210
1.194,-0.839,0.264,14.910,-13.720,-45.850
1.168,-0.800,0.245,23.870,-4.060,-20.230
1.142,-0.780,0.222,31.430,5.320,2.450
1.127,-0.798,0.215,35.070,15.540,26.880
1.111,-0.811,0.227,32.550,24.080,40.460
1.095,-0.818,0.255,26.810,29.960,50.260
1.088,-0.816,0.265,19.110,36.120,57.260
1.073,-0.794,0.276,11.060,38.990,62.860
1.055,-0.770,0.267,2.800,41.090,68.180
1.035,-0.730,0.255,-2.590,41.160,73.290
1.016,-0.684,0.228,-5.040,42.210,77.350
0.982,-0.669,0.212,-5.530,44.170,79.310
0.979,-0.699,0.214,-4.760,45.430,80.640
0.968,-0.752,0.235,-5.740,47.530,82.600
0.974,-0.788,0.260,-5.460,46.200,85.050
0.999,-0.780,0.271,-0.980,43.330,88.690
0.972,-0.764,0.263,5.250,44.380,92.540
0.952,-0.766,0.261,11.620,46.410,96.950
0.965,-0.772,0.254,18.130,46.760,101.570
0.988,-0.787,0.245,20.580,46.830,107.800
1.005,-0.834,0.252,21.070,47.530,113.610
1.013,-0.845,0.262,20.440,49.210,120.330
1.009,-0.813,0.264,19.390,49.700,126.280
1.015,-0.794,0.247,17.850,54.740,131.950
0.995,-0.811,0.251,14.980,58.100,138.670
1.019,-0.845,0.264,9.590,62.020,144.970
1.031,-0.865,0.300,4.060,65.870,149.520
1.050,-0.898,0.361,-0.280,68.950,157.500
1.069,-0.915,0.398,-6.650,71.330,163.170
1.059,-0.877,0.413,-11.550,74.130,167.370
1.034,-0.840,0.406,-14.140,77.280,170.940
1.010,-0.831,0.383,-16.730,79.310,172.690
1.019,-0.829,0.364,-18.270,82.740,176.400
0.992,-0.878,0.389,-19.950,86.800,178.920
0.979,-0.942,0.421,-25.060,90.300,180.460
0.996,-0.935,0.442,-31.080,91.000,184.100
0.973,-0.898,0.438,-34.580,90.790,186.130
0.917,-0.897,0.434,-35.770,90.720,190.190
0.896,-0.902,0.446,-38.080,89.950,188.510
0.861,-0.881,0.436,-40.670,89.740,191.380
0.843,-0.870,0.425,-41.790,90.300,191.590
0.808,-0.857,0.422,-39.620,91.980,191.240
0.781,-0.831,0.380,-39.270,91.700,194.600
0.724,-0.768,0.356,-35.490,91.700,191.380
0.670,-0.733,0.377,-19.600,89.880,189.350
0.674,-0.751,0.412,-13.510,85.330,190.750
0.633,-0.775,0.384,-14.000,88.690,189.910
0.573,-0.757,0.362,-14.490,92.820,188.160
0.533,-0.761,0.350,-16.590,96.530,185.710
0.514,-0.790,0.374,-18.130,96.320,183.470
0.528,-0.820,0.385,-23.730,95.550,181.090
0.503,-0.803,0.385,-26.740,92.540,176.400
0.475,-0.774,0.382,-30.240,91.070,174.090
0.442,-0.775,0.386,-29.960,89.390,170.940
0.418,-0.775,0.394,-30.170,107.030,165.340
0.397,-0.773,0.401,-31.990,91.840,165.060
0.379,-0.799,0.363,-35.700,95.060,155.820
0.342,-0.765,0.337,-36.820,97.300,138.040
0.269,-0.828,0.327,-30.100,96.110,125.020
0.340,-0.693,0.328,-35.420,94.990,141.750
0.305,-0.779,0.375,-33.180,90.720,145.110
0.285,-0.834,0.393,-33.740,86.520,144.270
0.262,-0.812,0.357,-31.780,83.090,145.110
0.223,-0.763,0.319,-26.880,81.690,142.940
0.154,-0.790,0.292,-18.060,75.670,133.210
0.119,-0.758,0.264,-11.830,74.480,127.610
0.115,-0.799,0.279,-11.900,75.040,122.640
0.094,-0.822,0.274,-14.210,75.740,113.190
0.055,-0.764,0.289,-13.300,75.180,101.780
0.010,-0.821,0.283,-12.460,70.490,84.420
0.000,-0.774,0.257,-13.020,63.280,78.260
-0.002,-0.654,0.213,-19.530,65.380,90.930
-0.021,-0.695,0.223,-13.160,67.480,101.150
-0.051,-0.782,0.210,-18.410,71.750,103.110
-0.122,-0.807,0.181,-28.700,77.490,94.010
-0.121,-0.813,0.211,-33.740,75.670,86.730
-0.128,-1.004,0.173,-65.940,85.540,55.370
-0.180,-0.792,0.155,-60.550,76.300,66.500
-0.059,-0.545,0.157,-31.780,80.430,107.030
-0.189,-0.822,0.108,-26.250,86.240,113.750
-0.289,-0.807,0.201,-38.360,80.500,117.530
-0.163,-0.812,0.179,-26.040,66.710,116.200
-0.178,-0.829,0.141,-20.580,66.920,107.450
-0.252,-0.798,0.167,-11.270,65.730,101.500
-0.254,-0.812,0.141,-11.970,67.550,100.590
-0.272,-0.806,0.132,-13.790,67.970,97.580
-0.308,-0.767,0.122,-8.610,65.450,89.670
-0.301,-0.723,0.121,-8.680,64.960,85.610
-0.264,-0.812,0.118,6.230,41.790,75.880
-0.285,-0.761,0.095,-0.210,52.220,76.790
-0.388,-0.809,0.093,0.070,54.530,71.960
-0.342,-0.807,0.110,1.400,51.100,65.030
-0.349,-0.774,0.091,1.610,47.670,57.960
-0.393,-0.758,0.072,2.450,52.010,52.220
-0.385,-0.787,0.089,1.470,52.360,48.440
-0.375,-0.842,0.081,-5.740,52.290,42.770
-0.363,-0.853,0.080,-13.650,54.600,40.740
-0.402,-0.764,0.091,-21.980,49.000,54.530
-0.425,-0.820,0.069,-27.790,42.700,56.980
-0.458,-0.787,0.035,-34.510,40.320,55.440
-0.453,-0.782,0.015,-39.620,34.650,51.730
-0.466,-0.813,0.004,-42.420,27.930,32.340
-0.431,-0.821,-0.049,-56.210,30.170,24.850
-0.434,-0.756,-0.027,-58.100,21.280,39.830
-0.485,-0.955,-0.083,-80.010,22.330,24.710
-0.525,-0.683,-0.061,-71.820,16.170,22.750
-0.504,-0.860,-0.121,-78.750,19.740,9.590
-0.416,-0.524,-0.120,-37.590,-0.350,32.340
-0.486,-0.703,-0.124,-38.570,-4.060,28.770
-0.529,-0.681,-0.132,-36.540,-7.350,20.510
-0.509,-0.628,-0.122,-27.650,-13.650,14.770
-0.535,-0.614,-0.146,-28.350,-12.530,13.440
-0.569,-0.569,-0.145,-19.320,-13.230,14.280
-0.600,-0.501,-0.135,-13.160,-15.540,11.200
-0.587,-0.456,-0.153,16.310,-14.840,8.050
-0.592,-0.483,-0.166,1.260,-12.250,9.030

